REG_ANS,operadora,nome_fantasia,uf,cidade,grupo_comparacao
314668,ABERTTA SAÚDE - ASSOCIAÇÃO BENEFICENTE DOS EMPREGADOS DA ARCELORMITTAL NO BRASIL,ABERTTA SAÚDE,MG,Belo Horizonte,Outras autogestões
368920,AGROS - INSTITUTO UFV DE SEGURIDADE SOCIAL,,MG,Viçosa,Outras autogestões
423319,ANAFE SAUDE,ANAFE SAUDE,GO,Águas Lindas de Goiás,Outras autogestões
416070,ARCELORMITTAL BRASIL S/A,ARCELORMITTAL BRASIL S/A,MG,Belo Horizonte,Outras autogestões
423432,"ASSOC DE ASSIST À SAÚDE DOS SERV DAS UNIV E INST FED, EST E/OU FAC PART EM PE",ADUFEPE SAÚDE,PE,Recife,Outras autogestões
317632,ASSOCIACAO DOS AUDITORES FISCAIS DA RECEITA ESTADUAL DE SAO PAULO,ASSOCIAÇÃO DOS AGENTES FISCAIS DE RENDAS DO EST. DE SP,SP,São Paulo,Outras autogestões
343129,ASSOCIACAO DOS PROFESSORES UNIVERSITÁRIOS DA BAHIA,APUB SAÚDE,BA,Salvador,Outras autogestões
420093,ASSOCIACAO DOS SERVIDORES DA EMDAGRO - ASSEM,ASSEM,SE,Aracaju,Outras autogestões
406635,ASSOCIACAO POLICIAL DE ASSISTENCIA A SAUDE DE ITAPETININGA,APAS/ITAPETININGA,SP,Itapetininga,Outras autogestões
410608,ASSOCIACAO POLICIAL DE ASSISTENCIA A SAUDE DE PRESIDENTE PRUDENTE (APAS),APAS - PRESIDENTE PRUDENTE,SP,Presidente Prudente,Outras autogestões
304131,ASSOCIAÇÃO BENEFICENTE DE ASSISTÊNCIA A SAÚDE DOS JUÍZES DO TRABALHO DA 15ª REGIÃO (ABAS 15),SAÚDE ABAS,SP,Campinas,Outras autogestões
417955,ASSOCIAÇÃO DE ASSISTÊNCIA MÉDICO HOSPITALAR DOS MAGISTRADOS DO ESTADO DO PARANÁ,JUDICEMED,PR,Curitiba,Outras autogestões
416690,ASSOCIAÇÃO DE ASSISTÊNCIA À SAÚDE DA AMAGIS,AMAGIS SAÚDE,MG,Belo Horizonte,Outras autogestões
416568,ASSOCIAÇÃO DE ASSISTÊNCIA À SAÚDE DOS EMPREGADOS DA COPASA,COPASS SAÚDE,MG,Belo Horizonte,Outras autogestões
393533,ASSOCIAÇÃO DO FISCO DE ALAGOAS,,AL,Maceió,Outras autogestões
387185,ASSOCIAÇÃO DOS AUDITORES FISCAIS DA RECEITA ESTADUAL DO RIO DE JANEIRO,AFRERJ,RJ,Rio de Janeiro,Outras autogestões
330281,ASSOCIAÇÃO DOS AUDITORES FISCAIS DO ESTADO DA PARAÍBA - AFRAFEP,AFRAFEP - SAUDE,PB,João Pessoa,Outras autogestões
384704,ASSOCIAÇÃO DOS EMPREGADOS DA COMPANHIA ESTADUAL DE HABITAÇÃO E OBRAS PÚBLICAS - ASSEC,ASSEC,SE,Aracaju,Outras autogestões
382639,ASSOCIAÇÃO DOS FISCAIS DE TRIBUTOS ESTADUAIS DO RS - AFISVEC,AFISVEC - SAÚDE,RS,Porto Alegre,Outras autogestões
306754,ASSOCIAÇÃO DOS FUNCIONÁRIOS DO FISCO DO ESTADO DE GOIÁS,AFFEGO-SAÚDE,GO,Goiânia,Outras autogestões
388092,ASSOCIAÇÃO DOS FUNCIONÁRIOS FISCAIS DO ESTADO DO AMAZONAS - AFFEAM,AFFEAM SAÚDE,AM,Manaus,Outras autogestões
335754,ASSOCIAÇÃO DOS SERVIDORES FISCAIS DO ESTADO DA BAHIA,ASFEB,BA,Salvador,Outras autogestões
419591,ASSOCIAÇÃO DOS SERVIDORES PÚBLICOS DA ADMINISTRAÇÃO DIRETA DO GOVERNO DO ESTADO DO PARÁ - ASPARÁ,ASPARÁ,PA,Belém,Outras autogestões
422053,ASSOCIAÇÃO FCA SAÚDE,STELLANTIS SAUDE PE/PB,MG,Betim,Outras autogestões
416584,ASSOCIAÇÃO FUNDO DE PROTEÇÃO À SAÚDE,FUPS,PR,Campo Mourão,Outras autogestões
402206,ASSOCIAÇÃO GOIANA DO MINISTÉRIO PÚBLICO,AGMP,GO,Goiânia,Outras autogestões
423807,ASSOCIAÇÃO HOSPITALAR MOINHOS DE VENTO,HOSPITAL MOINHOS DE VENTO,RS,Porto Alegre,Outras autogestões
417211,ASSOCIAÇÃO MINEIRA DE ASSISTÊNCIA À SAÚDE DOS MEMBROS DO MINISTÉRIO PÚBLICO,AMMP SAÚDE,MG,Belo Horizonte,Outras autogestões
418617,ASSOCIAÇÃO PARANAENSE DE ASSISTÊNCIA À SAUDE DOS MEMBROS DO MINISTERIO PUBLICO DO PARANÁ,PROMED,PR,Curitiba,Outras autogestões
422631,ASSOCIAÇÃO PETROBRAS DE SAÚDE - APS,,RJ,Rio de Janeiro,Outras autogestões
408093,ASSOCIAÇÃO POLICIAL DE ASSISTENCIA A SAUDE DE BOTUCATU,APAS-BOTUCATU,SP,Botucatu,Outras autogestões
408263,ASSOCIAÇÃO POLICIAL DE ASSISTENCIA À SAUDE DE SAO JOAO DA BOA VISTA,APAS - ASSOCIAÇÃO POLICIAL DE ASSISTÊCIA À SAÚDE SJBVISTA,SP,São João da Boa Vista,Outras autogestões
409413,ASSOCIAÇÃO POLICIAL DE ASSISTÊNCIA A SAÚDE,APAS FERNANDOPOLIS,SP,Fernandópolis,Outras autogestões
410110,ASSOCIAÇÃO POLICIAL DE ASSISTÊNCIA A SAÚDE DA BAIXADA SANTISTA,APAS BAIXADA SANTISTA,SP,Santos,Outras autogestões
406813,ASSOCIAÇÃO POLICIAL DE ASSISTÊNCIA À SAÚDE,APAS ANDRADINA,SP,Andradina,Outras autogestões
406937,ASSOCIAÇÃO POLICIAL DE ASSISTÊNCIA À SAÚDE,APAS/MARILIA,SP,Marília,Outras autogestões
410128,ASSOCIAÇÃO POLICIAL DE ASSISTÊNCIA À SAÚDE,APAS SAÚDE SOROCABA,SP,Sorocaba,Outras autogestões
409405,ASSOCIAÇÃO POLICIAL DE ASSISTÊNCIA À SAÚDE - VALE DO RIBEIRA,APAS VALE  DO RIBEIRA,SP,Registro,Outras autogestões
423203,ASSOCIAÇÃO POLICIAL DE ASSISTÊNCIA À SAÚDE APAS,APAS ASSIS,SP,Assis,Outras autogestões
414212,ASSOCIAÇÃO POLICIAL DE ASSISTÊNCIA À SAÚDE DE ARAÇATUBA (APAS),ASSOCIAÇÃO POLICIAL DE ASSISTÊNCIA À SAÚDE DE ARAÇATUBA,SP,Araçatuba,Outras autogestões
407569,ASSOCIAÇÃO POLICIAL DE ASSISTÊNCIA À SAÚDE DE BARRETOS,APAS- BARRETOS,SP,Barretos,Outras autogestões
406945,ASSOCIAÇÃO POLICIAL DE ASSISTÊNCIA À SAÚDE DE BAURU,APAS BAURU,SP,Bauru,Outras autogestões
408026,ASSOCIAÇÃO POLICIAL DE ASSISTÊNCIA À SAÚDE DE DRACENA,APAS DE DRACENA,SP,Dracena,Outras autogestões
408034,ASSOCIAÇÃO POLICIAL DE ASSISTÊNCIA À SAÚDE DE JAÚ,APAS-JAU,SP,Jaú,Outras autogestões
411248,ASSOCIAÇÃO POLICIAL DE ASSISTÊNCIA À SAÚDE DE PRESIDENTE VENCESLAU,APAS/PV,SP,Presidente Venceslau,Outras autogestões
408794,ASSOCIAÇÃO POLICIAL DE ASSISTÊNCIA À SAÚDE DE RIBEIRÃO PRETO (APAS),APAS ASSOCIAÇÃO POLICIAL DE ASSISTÊNCIA A SAÚDE RIBEIRÃO PRETO,SP,Ribeirão Preto,Outras autogestões
412635,ASSOCIAÇÃO VALEPARAIBANA DE ASSISTÊNCIA MÉDICA POLICIAL - EM LIQUIDAÇÃO EXTRAJUDICIAL,AVAMP,SP,Taubaté,Outras autogestões
417238,BRF S/A,BRF - BRASIL FOODS S/A,SC,Itajaí,Outras autogestões
327557,CAIXA ASSISTENCIAL E BENEFICENTE DOS FUNCIONÁRIOS DA ACARESC,CASACARESC,SC,Florianópolis,Outras autogestões
347825,CAIXA ASSISTENCIAL UNIVERSITARIA DO RIO DE JANEIRO,CAURJ,RJ,Rio de Janeiro,Outras autogestões
314251,CAIXA ASSISTENCIAL UNIVERSITÁRIA DO RIO GRANDE DO NORTE,CAURN,RN,Natal,Outras autogestões
352331,CAIXA BENEFICENTE DOS FUNCIONARIOS DO BANCO DO ESTADO DE SÃO PAULO,CABESP,SP,São Paulo,Outras autogestões
414026,CAIXA BENEFICENTE DOS FUNCIONÁRIOS DO GRUPO IGUAÇU,CABEFI,PR,Cornélio Procópio,Outras autogestões
316873,CAIXA DE ASSISTENCIA A SAUDE DA UNIVERSIDADE,CASU/UFMG,MG,Belo Horizonte,Outras autogestões
413534,CAIXA DE ASSISTENCIA DOS SERVIDORES DO ESTADO DE MATO GROSSO DO SUL,CASSEMS,MS,Campo Grande,Outras autogestões
418820,CAIXA DE ASSISTÊNCIA AOS MEMBROS DA DEFENSORIA PÚBLICA DO ESTADO DO RIO DE JANEIRO,CAMARJ,RJ,Rio de Janeiro,Outras autogestões
413518,CAIXA DE ASSISTÊNCIA DO SINDFISCO - CASSIND,CASSIND,SE,Aracaju,Outras autogestões
416401,CAIXA DE ASSISTÊNCIA DOS EMPREGADOS DA EMPRESA BRASILEIRA DE PESQUISA  AGROPECUÁRIA,CASEMBRAPA,DF,Brasília,Outras autogestões
363855,CAIXA DE ASSISTÊNCIA DOS EMPREGADOS DA SANEAGO,CAESAN,GO,Goiânia,Outras autogestões
307319,CAIXA DE ASSISTÊNCIA DOS EMPREGADOS DO BANCO DO ESTADO DO RIO GRANDE DO SUL,CABERGS,RS,Porto Alegre,Outras autogestões
315583,CAIXA DE ASSISTÊNCIA DOS EMPREGADOS DO BANEB,CASSEB,BA,Salvador,Outras autogestões
335789,CAIXA DE ASSISTÊNCIA DOS EMPREGADOS DO BANESE,CASSE,SE,Aracaju,Outras autogestões
344184,CAIXA DE ASSISTÊNCIA DOS EMPREGADOS DO SETOR PÚBLICO DO ESTADO DE GOIÁS - CAEME,CAEME,GO,Goiânia,Outras autogestões
343331,CAIXA DE ASSISTÊNCIA DOS EMPREGADOS DO SISTEMA FINANCEIRO BANESTES,BANESCAIXA,ES,Vitória,Outras autogestões
358754,CAIXA DE ASSISTÊNCIA DOS FUNCIONÁRIOS DO BANCO DA AMAZÔNIA - CASF,,PA,Belém,Outras autogestões
346659,CAIXA DE ASSISTÊNCIA DOS FUNCIONÁRIOS DO BANCO DO BRASIL,CASSI,DF,Brasília,Outras autogestões
385697,CAIXA DE ASSISTÊNCIA DOS FUNCIONÁRIOS DO BANCO DO NORDESTE DO BRASIL,CAMED SAÚDE,CE,Fortaleza,Outras autogestões
302627,CAIXA DE ASSISTÊNCIA DOS MAGISTRADOS DE PERNAMBUCO,CAIXA DE ASSISTÊNCIA DOS MAGISTRADOS DE PERNAMBUCO,PE,Recife,Outras autogestões
359122,CAIXA DE ASSISTÊNCIA DOS SERVIDORES FAZENDÁRIOS ESTADUAIS,CAFAZ,CE,Fortaleza,Outras autogestões
417548,CAIXA DE ASSISTÊNCIA OSWALDO CRUZ,FIOSAÚDE,RJ,Rio de Janeiro,Outras autogestões
320820,CAIXA DE ASSISTÊNCIA SISTEMA SAÚDE INTEGRAL-SSI SAUDE,SSI SAÚDE,RS,Caxias do Sul,Outras autogestões
412295,CAIXA DE ASSISTÊNCIA À SAUDE DOS EMPREGADOS DA CODEVASF - CASEC,CASEC,DF,Brasília,Outras autogestões
417661,CAIXA DE ASSISTÊNCIA À SAÚDE DO SINDICATO DOS FUNCIONÁRIOS INTEGRANTES DO GRUPO OCUPACIONAL ADMINISTRAÇÃO TRIBUTÁRIA DO ESTADO DE PERNAMBUCO,FISCO SAÚDE-PE,PE,Recife,Outras autogestões
421341,CAIXA DE ASSISTÊNCIA À SAÚDE DOS SERVIDORES PÚBLICOS DO ESTADO DO MATO GROSSO DO SUL,UNISAÚDEMS ,MS,Campo Grande,Outras autogestões
419851,"CAIXA DE ASSISTÊNCIA À SAÚDE DOS TRABALHADORES NAS INDÚSTRIAS METALÚRGICAS, MECÂNICAS E DO MATERIAL ELÉTRICO DE BRUSQUE",SINTIMMMEB SAÚDE,SC,Brusque,Outras autogestões
324477,CAIXA DE PREVIDÊNCIA E ASSISTÊNCIA DOS SERVIDORES DA FUNDAÇÃO NACIONAL DE SAÚDE - CAPESESP,CAPESESP,RJ,Rio de Janeiro,Fundação de previdência
312924,CAIXA ECONÔMICA FEDERAL,CAIXA,DF,Brasília,Outras autogestões
339270,CELULOSE NIPO-BRASILEIRA S/A - CENIBRA,CENIBRA,MG,Belo Oriente,Outras autogestões
417505,CEMIG SAÚDE,CEMIG SAÚDE,MG,Belo Horizonte,Outras autogestões
422436,CENIBRA LOGÍSTICA LTDA,CENIBRA LOG,MG,Belo Oriente,Outras autogestões
324892,CETESB - COMPANHIA AMBIENTAL DO ESTADO DE SÃO PAULO,CETESB,SP,São Paulo,Outras autogestões
423963,CLARO S.A,CLARO,SP,São Paulo,Outras autogestões
419796,COMPANHIA DAS DOCAS DO ESTADO DA BAHIA - CODEBA,CODEBA,BA,Salvador,Outras autogestões
330051,COMPANHIA DE ENGENHARIA DE TRAFEGO - CET,,SP,São Paulo,Outras autogestões
392405,COMPANHIA ESPIRITO SANTENSE DE SANEAMENTO,CESAN,ES,Vitória,Outras autogestões
334189,COMPANHIA NACIONAL DE ABASTECIMENTO - CONAB,COMPANHIA NACIONAL DE ABASTECIMENTO - C0NAB,DF,Brasília,Outras autogestões
390259,COMSEDER - COOPERATIVA DE ASSISTÊNCIA MÉDICA DOS SERVIDORES DA SUPLAN E DO DER LTDA,COMSEDER,PB,João Pessoa,Outras autogestões
404241,COOPERATIVA DOS USUÁRIOS DE SERVIÇOS DE SAÚDE DO VALE DO RIO DOS SINOS LTDA,COOPERSINOS LTDA,RS,São Leopoldo,Outras autogestões
416118,DANA INDUSTRIAS LTDA.,,SP,Sorocaba,Outras autogestões
357669,DESBAN - FUNDAÇÃO BDMG DE SEGURIDADE SOCIAL,DESBAN,MG,Belo Horizonte,Fundação de previdência
342611,ECONOMUS INSTITUTO DE SEGURIDADE SOCIAL,,SP,São Paulo,Outras autogestões
422070,ELETROS SAÚDE - ASSOCIAÇÃO DE ASSISTÊNCIA À SAÚDE,ELETROS-SAÚDE,RJ,Rio de Janeiro,Outras autogestões
417297,ELOSAÚDE - ASSOCIAÇÃO DE ASSISTÊNCIA À SAÚDE,ELOSAÚDE,SC,Florianópolis,Outras autogestões
400891,EMPRESA BRASILEIRA DE INFRA-ESTRUTURA AEROPORTUÁRIA,INFRAERO,DF,Brasília,Outras autogestões
423777,FEBRAFITE SAUDE,FEBRAFITE SAUDE,DF,Brasília,Outras autogestões
329665,FUNDACAO CAPITAL PREVIDENCIA E SAUDE - CAPITAL PREV,CAPITAL PREV - FUNDACAO CAPITAL PREVIDENCIA E SAUDE,ES,Vitória,Fundação de previdência
307751,FUNDAÇAO COMPESA DE PREVIDENCIA E ASSISTENCIA - COMPESAPREV,COMPESAPREV,PE,Recife,Fundação de previdência
315567,FUNDAÇÃO AFFEMG DE ASSISTÊNCIA E SAÚDE - FUNDAFFEMG,FUNDAFFEMG,MG,Belo Horizonte,Fundação de previdência
346926,FUNDAÇÃO ASSISTENCIAL DOS SERVIDORES DO MINISTÉRIO DA FAZENDA,FUNDAÇÃO ASSEFAZ,DF,Brasília,Fundação de previdência
315044,FUNDAÇÃO CELESC DE SEGURIDADE SOCIAL - CELOS,FUNDAÇÃO CELESC,SC,Florianópolis,Fundação de previdência
315478,FUNDAÇÃO CESP,VIVEST,SP,São Paulo,Fundação de previdência
355151,FUNDAÇÃO COPEL DE PREVIDÊNCIA E ASSISTÊNCIA SOCIAL,FUNDAÇÃO COPEL,PR,Curitiba,Fundação de previdência
339636,FUNDAÇÃO DE ASSISTÊNCIA E PREVIDÊNCIA SOCIAL DO BNDES,FUNDAÇÃO DE ASSISTÊNCIA E PREVIDÊNCIA SOCIAL DO BNDES,RJ,Rio de Janeiro,Fundação de previdência
420701,FUNDAÇÃO DE ASSISTÊNCIA À SAÚDE DA ASSOCIAÇÃO DO MINISTÉRIO PÚBLICO DO RIO GRANDE DO SUL,FAS/AMP/RS,RS,Porto Alegre,Fundação de previdência
330809,FUNDAÇÃO DE SEGURIDADE SOCIAL DA ARCELORMITTAL BRASIL - FUNSSEST,FUNSSEST,ES,Serra,Fundação de previdência
418285,FUNDAÇÃO FIAT SAÚDE E BEM ESTAR,STELLANTIS SAUDE MG,MG,Betim,Outras autogestões
378216,FUNDAÇÃO LIBERTAS DE SEGURIDADE SOCIAL,FUNDAÇÃO LIBERTAS,MG,Belo Horizonte,Fundação de previdência
338648,FUNDAÇÃO SANEPAR DE ASSISTÊNCIA SOCIAL,FUNDAÇÃO SANEPAR DE ASSISTÊNCIA SOCIAL,PR,Curitiba,Fundação de previdência
312126,FUNDAÇÃO SAÚDE ITAÚ,FUNDAÇÃO SAÚDE ITAÚ,MG,Belo Horizonte,Fundação de previdência
418129,FUNDO DE ASSISTÊNCIA MÉDICO-HOSPITALAR DO MINISTÉRIO PÚBLICO,FAMEH/MP,MS,Campo Grande,Outras autogestões
414689,FUNDO DE ASSISTÊNCIA À SAÚDE DOS FUNCIONÁRIOS DO BEC,FAMED,CE,Fortaleza,Outras autogestões
323080,GEAP AUTOGESTÃO EM SAÚDE,GEAP,DF,Brasília,Outras autogestões
416819,GKN DO BRASIL LTDA,,RS,Porto Alegre,Outras autogestões
421626,HOSPITAL MATER DEI SA ,,MG,Belo Horizonte,Outras autogestões
329282,INDUSTRIAS NUCLEARES DO BRASIL S/A - INB,INDUSTRIAS NUCLEARES DO BRASIL S/A - INB,RJ,Rio de Janeiro,Outras autogestões
419427,INSTITUIÇÃO BENEFICENTE CEL MASSOT - IBCM,IBCM,RS,Porto Alegre,Outras autogestões
419010,INSTITUTO CURITIBA DE SAÚDE,INSTITUTO CURITIBA DE SAÚDE - ICS,PR,Curitiba,Outras autogestões
366234,ITAIPU BINACIONAL,ITAIPU BINACIONAL,PR,Foz do Iguaçu,Outras autogestões
418374,LUMINAR SAÚDE - ASSOCIAÇÃO DE ASSISTÊNCIA À SAÚDE,LUMINAR SAÚDE,DF,Brasília,Outras autogestões
412490,LÍDER COMÉRCIO E INDÚSTRIA LTDA.,PROGRAMA DE ASSISTÊNCIA MÉDICA LÍDER,PA,Belém,Outras autogestões
380661,METRUS INSTITUTO DE SEGURIDADE SOCIAL,METRUS INSTITUTO DE SEGURIDADE SOCIAL,SP,São Paulo,Outras autogestões
416703,MINERAÇÃO CARAÍBA S/A,MINERAÇÃO CARAÍBA,BA,Jaguarari,Outras autogestões
418650,MÚTUA DOS MAGISTRADOS DO ESTADO DO RIO DE JANEIRO,MÚTUA DOS MAGISTRADOS,RJ,Rio de Janeiro,Outras autogestões
352888,NUCLEBRÁS EQUIPAMENTOS PESADOS S/A - NUCLEP,NUCLEP,RJ,Rio de Janeiro,Outras autogestões
331988,PASA - PLANO DE ASSISTENCIA A SAUDE DO APOSENTADO DA VALE,PASA,RJ,Rio de Janeiro,PASA
419133,POSTAL SAÚDE CAIXA DE ASSISTÊNCIA E SAÚDE DOS EMPREGADOS DOS CORREIOS,POSTAL SAÚDE,DF,Brasília,Outras autogestões
418862,RBS PARTICIPAÇÕES S/A,,RS,Porto Alegre,Outras autogestões
331317,REAL GRANDEZA - FUNDAÇÃO DE PREVIDÊNCIA E ASSISTÊNCIA SOCIAL,,RJ,Rio de Janeiro,Fundação de previdência
423513,REAL GRANDEZA SAÚDE,,RJ,Rio de Janeiro,Outras autogestões
324493,S.P.A SAUDE- SISTEMA DE PROMOÇÃO ASSISTENCIAL,SISTEMA PAULISTA DE ASSISTÊNCIA SAÚDE,SP,São Paulo,Outras autogestões
409243,SAUDE PAS - MEDICINA E ODONTO,SAUDE PAS,RS,Porto Alegre,Outras autogestões
414310,SAÚDE BRB - CAIXA DE ASSISTÊNCIA ,SAÚDE BRB,DF,Brasília,Outras autogestões
424188,SERV SOCIAL AUTÔNOMO DE ASSIST À SAÚDE DOS SERV PÚBLICOS E MILITARES DE GOIÁS,IPASGO SAÚDE,GO,Goiânia,Outras autogestões
345474,SERVIÇO FEDERAL DE PROCESSAMENTO DE DADOS (SERPRO),SERPRO,DF,Brasília,Outras autogestões
420077,"SERVIÇO SOCIAL DA INDÚSTRIA DO PAPEL, PAPELÃO E CORTIÇA DO ESTADO DE SÃO PAULO - SEPACO",SEPACO,SP,São Paulo,Outras autogestões
356476,SIM - CAIXA DE ASSISTÊNCIA À SAÚDE,SIM,SC,Palhoça,Outras autogestões
361011,SINDIFISCO NACIONAL - SINDICATO NACIONAL DOS AUDITORES-FISCAIS DA RECEITA FEDERAL DO BRASIL,SINDIFISCO NACIONAL,DF,Brasília,Outras autogestões
411809,SOCIEDADE DE ASSISTÊNCIA MÉDICA - SAMEISA,SAMEISA ,RS,Rio Grande,Outras autogestões
316849,TELOS - FUNDAÇÃO EMBRATEL DE SEGURIDADE SOCIAL,TELOS - FUNDAÇÃO EMBRATEL DE SEGURIDADE SOCIAL,RJ,Rio de Janeiro,Fundação de previdência
345695,VALE S/A,VALE ,RJ,Rio de Janeiro,Outras autogestões
361461,VIVACOM PLANOS DE SAÚDE,VIVACOM,GO,Goiânia,Outras autogestões
414247,VOLVO DO BRASIL VEÍCULOS LTDA.,VOLVO,PR,Curitiba,Outras autogestões
