REG_ANS,trimestre,receitas_totais,despesas_totais,receita_assistencial,sinistro_liquido,despesa_administrativa,faturado_bruto,glosa,coparticipacao,dado_confiavel,padrao_tipico
302627,1T2025,16040935.55,10859553.47,11262093.0,9249631.6,1282512.38,9959437.79,520068.31,272919.76,True,True
304131,1T2025,29705895.29,30838972.23,28202011.81,28161018.18,2233987.41,29325256.32,1397860.47,367591.92,True,True
306754,1T2025,16906972.55,14831760.46,12866573.01,9584541.37,2084855.97,11537123.85,1247267.68,705314.8,True,True
307319,1T2025,115708864.98,73634526.3,78652592.48,60966577.25,7113687.13,71402661.32,2332287.48,8560799.12,True,True
307751,1T2025,33708266.18,30632071.9,30567106.39,26734013.09,2983100.93,28305572.94,1333623.35,254448.3,True,True
312126,1T2025,618321467.0,561758692.93,570816136.81,523884337.14,26055218.34,602721409.37,82079324.82,60387.64,True,True
314251,1T2025,23202894.22,20482308.16,22293983.2,17771323.75,1825391.6,18213608.28,268425.48,326601.34,True,True
314668,1T2025,79878253.05,63698814.12,72484617.93,45234832.87,10235189.32,60038620.17,2376248.86,5035958.47,True,True
315044,1T2025,67428794.38,54919178.62,63132150.41,50566835.02,3616977.53,57974054.37,911510.04,5609838.04,True,True
315478,1T2025,475492021.65,400589766.06,435113415.79,364078213.34,19160707.26,415589793.43,33869942.2,10838745.98,True,True
315567,1T2025,50341297.4,48457825.44,46555789.85,44647215.63,2850828.49,47441678.66,1173397.06,645049.28,True,True
315583,1T2025,13175901.24,8756377.65,12533987.4,6815581.45,1707901.58,11901734.35,839524.93,522241.85,True,True
316849,1T2025,2941175.14,2941175.14,2854243.65,1680720.58,1025619.94,1680720.58,,,True,True
316873,1T2025,49013236.97,39152138.51,46744878.77,31969866.09,5761865.32,35062084.39,117548.93,2899346.8,True,True
317632,1T2025,105732402.25,97624198.34,86772107.15,79274881.76,11075478.52,89073373.96,3323336.93,763986.07,True,True
320820,1T2025,20256909.58,15652289.96,17505654.09,10613737.74,4461969.59,13274881.27,2384975.35,268227.93,True,True
323080,1T2025,1303142899.34,1478048332.6,1199428219.17,1224189803.85,123797129.14,1366279155.2,276923621.05,21651139.84,True,True
324477,1T2025,90039472.73,94784332.26,85817506.58,78780076.37,13859787.93,92860651.44,11165557.56,2282869.04,True,True
324493,1T2025,63230389.48,58066048.17,59976037.29,50304469.15,4825037.3,54459711.12,1030668.94,4021064.11,True,True
327557,1T2025,29402528.49,27803844.28,27863156.41,25883369.57,1509270.73,29825528.26,1312397.29,3154322.89,True,True
330281,1T2025,16660554.86,15096810.41,15004193.83,11543820.44,3054254.55,12794820.55,1072153.0,183127.07,True,True
330809,1T2025,26174153.59,29316525.16,23375743.63,28991675.01,213764.93,29234142.76,18220.88,740184.76,True,True
331317,1T2025,110812765.13,98224030.06,101418207.34,72897411.63,13418422.79,118873124.83,12489132.16,4707077.92,True,True
331988,1T2025,138512899.68,138322711.88,103242464.05,105221473.72,4130876.39,139648508.06,17810924.23,13925962.64,True,True
335754,1T2025,29231590.74,29558435.95,26161729.94,26705614.17,1760295.19,27544406.78,669307.9,549415.95,True,True
335789,1T2025,12992007.85,8530476.71,8253388.45,6105296.57,873388.73,8912861.49,588885.28,2297794.72,True,True
338648,1T2025,50008167.46,63630971.0,43421587.74,54412445.11,4053678.85,52050438.61,1254051.14,5423976.91,True,True
342611,1T2025,57708236.46,37083920.35,40800203.51,23187871.73,6694492.23,92423546.79,5810436.19,3610637.99,True,True
343129,1T2025,8660387.26,8409111.79,8069496.44,6805431.69,1088425.05,7007928.64,182931.55,59854.86,True,True
343331,1T2025,21360545.32,23307166.61,19033609.99,20913505.93,2255245.68,22339490.2,926141.68,2227442.37,True,True
344184,1T2025,1457423.66,1178718.76,1394847.8,886413.49,150398.68,1155030.23,12395.75,272011.04,True,True
346659,1T2025,2000998936.99,2060809615.26,1819692961.21,1821923779.06,124078126.25,2064249399.13,131031811.16,50286033.09,True,True
346926,1T2025,391393236.72,407139068.96,369352286.09,339345947.14,31627610.36,401616294.1,24273248.86,4393679.11,True,True
347825,1T2025,5960656.82,3339875.64,5515448.48,2540263.96,729752.16,3311714.47,453741.67,168157.86,True,True
352331,1T2025,538553705.41,285312018.92,162246793.48,269066965.79,12845509.5,320043421.17,34861259.42,4441396.01,True,False
355151,1T2025,111390430.0,102072961.95,94052469.71,82005527.72,9191252.85,102629965.89,8567746.42,12606549.63,True,True
356476,1T2025,40932149.06,34138463.65,38792509.89,30663429.02,3002959.0,35204127.12,437682.56,3917013.08,True,True
357669,1T2025,7081193.91,6382132.0,5689003.03,4861766.63,1163521.0,5557728.97,369712.86,350226.61,True,True
358754,1T2025,22513804.93,20849162.82,20897661.39,15150464.97,3640365.34,18372168.46,857895.86,2303493.8,True,True
359122,1T2025,32721243.37,29807538.43,29469683.04,24715870.98,2866364.95,28265417.58,2031358.65,1518187.95,True,True
361011,1T2025,148611094.44,173211282.13,106690708.58,145107614.28,23605436.68,152463022.53,8407521.13,1563089.4,True,True
361461,1T2025,23867754.72,22195165.33,21248195.98,19432786.35,2206709.79,22598317.28,1461706.26,2048855.47,True,True
363855,1T2025,28730652.26,27659182.27,26810825.35,23347197.14,2415114.52,26086811.49,,2961055.0,True,True
368920,1T2025,26748209.5,26628266.04,23429078.92,21675260.11,2576399.9,24225718.55,2008600.91,2085384.31,True,True
378216,1T2025,20024825.06,18026824.45,17625366.14,15362307.3,2422472.26,17167961.8,969947.95,1087486.67,True,True
380661,1T2025,87769275.95,100524664.87,80580017.34,89408933.66,8043729.83,90149941.66,4991839.99,6393904.87,True,True
382639,1T2025,1700916.79,1394121.1,573743.15,456873.43,53558.07,578648.88,4278.47,87855.62,True,True
384704,1T2025,9485083.57,6666124.13,8989966.23,6286312.01,393130.25,7161768.85,326977.44,211106.37,True,True
385697,1T2025,132382560.41,112222967.0,107088324.04,92960689.2,13383473.8,164417435.39,19086173.13,13337325.75,True,True
387185,1T2025,8794571.46,9508621.32,7416840.07,7661832.38,1723855.32,8648371.36,495296.59,,True,True
388092,1T2025,4112451.3,2825154.94,3490290.52,2074564.59,495170.88,2422794.1,185021.36,163208.15,True,True
390259,1T2025,3080838.2,2808658.85,2939061.94,2039707.43,761078.6,2109718.26,,95446.39,True,True
393533,1T2025,2581945.33,1763121.2,1873237.25,-1866670.71,1344612.92,10411343.43,440234.65,,True,False
402206,1T2025,7395264.47,6792878.12,5527670.63,5299613.7,442624.14,6580236.94,645369.38,702205.49,True,True
404241,1T2025,3444341.91,4425002.7,2252472.2,4039046.38,273768.63,6342103.04,118905.76,2294126.33,True,False
406635,1T2025,3201570.1,2347947.83,2913960.64,1938497.85,395829.21,2186783.49,3821.67,262655.26,True,True
406813,1T2025,2952513.34,1220540.58,2740120.95,929200.72,245537.62,1321393.86,2114.83,282626.41,True,True
406937,1T2025,5472947.68,5936450.34,4966256.84,5185012.86,429490.01,6371037.24,0.0,1333735.11,True,True
406945,1T2025,13607110.74,13867849.78,12842082.89,12551573.88,1049623.13,14256439.54,253277.74,1545129.76,True,True
407569,1T2025,2331501.32,2040731.16,2205114.59,1699489.76,327296.6,1699489.76,0.0,0.0,True,True
408026,1T2025,1794278.98,1246885.88,1728853.31,1008044.92,181676.94,1339169.0,,305703.86,True,True
408034,1T2025,2127052.38,1638618.22,2023177.95,1219017.36,383929.08,1422065.87,12690.58,241058.49,True,True
408093,1T2025,1355684.62,1195963.84,1268148.9,902576.17,273722.56,1055667.63,1343.2,130486.15,True,True
408263,1T2025,2704091.9,2580353.31,2594637.52,2268864.04,210020.86,2679743.22,35967.98,391348.45,True,True
408794,1T2025,8939626.99,8846476.87,8292608.94,7756918.99,1024778.54,8883012.55,874517.57,399625.86,True,True
409243,1T2025,56227814.47,49885219.05,51079025.98,43198704.21,5464487.11,47665413.57,1501766.39,2897829.99,True,True
409405,1T2025,1185175.14,1179773.86,1140298.04,895068.22,236648.93,1395778.52,16927.28,484647.32,True,True
409413,1T2025,4118598.24,3704399.87,3532155.46,3149957.78,460126.91,3595532.42,264533.65,165137.11,True,True
410110,1T2025,15765761.35,14616846.83,9084049.63,6629510.58,995871.0,7078679.61,39260.12,456774.42,True,True
410128,1T2025,12339426.03,10741031.54,11862791.44,9757129.18,883282.79,10555499.51,135575.53,693901.59,True,True
410608,1T2025,4747408.67,4015700.16,4544410.38,3262438.07,608508.99,4177790.76,116188.63,825270.89,True,True
411248,1T2025,1833750.16,1759192.26,1763193.19,1301686.1,360655.41,1598909.16,48602.01,225497.76,True,True
411809,1T2025,3326870.87,3153071.86,3228355.09,2739619.16,334202.38,3406579.85,99586.66,570028.83,True,True
412295,1T2025,14342634.53,21379877.01,11959571.32,19594663.92,1286250.74,21205138.65,1006775.77,1411300.45,True,False
412635,1T2025,5503504.58,8143738.06,5031869.77,5901435.79,1759537.17,6501086.47,145433.88,472385.14,True,True
413518,1T2025,6742918.02,5489341.98,5934330.86,4641466.84,761890.01,5434100.03,293084.38,447379.54,True,True
413534,1T2025,348869154.47,353971500.91,300955824.61,223013526.13,22987380.39,234603134.93,8061329.83,952851.98,True,True
414026,1T2025,1641278.29,2097151.44,1300830.67,1797608.68,249620.43,1941176.19,29167.9,189004.06,True,True
414212,1T2025,7318309.45,6993892.4,7012500.29,6407809.12,486333.99,7263776.13,73237.69,786448.38,True,True
414310,1T2025,30175969.79,31662365.44,25156493.01,27174540.52,3171635.09,39735834.73,2040531.08,4288505.44,True,True
414689,1T2025,982950.24,900923.99,725089.48,181850.51,634691.13,2205419.88,11493.6,242309.45,True,True
416401,1T2025,74600982.26,53627964.0,69432181.3,45328501.42,4009853.56,54332102.68,3209681.0,5856259.51,True,True
416568,1T2025,44963872.8,45490359.37,39129187.0,39208907.06,4739438.66,77760462.7,2459812.55,6394190.59,True,True
416584,1T2025,10334604.46,11790467.06,9678117.55,10961284.36,685685.13,13862037.62,603216.36,2673553.4,True,True
416690,1T2025,20315572.78,20715159.34,17628638.71,18237936.28,1996279.33,20674984.46,1145370.24,1513973.64,True,True
417211,1T2025,22368593.32,18207215.24,19685468.59,16285548.66,1726112.24,16861481.5,575932.84,,True,True
417297,1T2025,31528831.9,27348331.69,29416739.6,23301503.96,2355097.41,35113690.97,2061611.39,1592818.28,True,True
417505,1T2025,151973523.71,158840300.78,128904264.09,136569411.1,9603702.86,152899895.43,8954194.18,10917638.69,True,True
417548,1T2025,53703244.5,50228468.53,53771277.47,43585275.35,4736455.8,46253630.42,1110221.3,1766083.88,True,True
417661,1T2025,21012535.47,16822571.2,19935079.5,14500394.46,2053028.32,16601922.66,1039314.25,339653.36,True,True
417955,1T2025,25816606.18,17468178.28,22375508.63,14884275.22,2307921.48,16344314.39,1443234.78,,True,True
418129,1T2025,3021404.17,2202052.45,2174449.3,1425485.53,238515.74,1396634.04,,,True,True
418285,1T2025,10051170.32,7946918.71,0.0,0.0,4516786.25,38068396.05,6319.39,465402.34,False,False
418374,1T2025,34417004.18,35111841.29,31046741.26,24766876.79,4701401.5,54797064.74,8149443.84,1950879.24,True,True
418617,1T2025,11190958.86,11609378.48,10206062.39,10840721.17,544051.85,11350669.78,829738.57,,True,True
418650,1T2025,58417295.18,51942560.56,55346791.85,36316706.48,11017828.17,39977516.03,4251233.76,,True,True
418820,1T2025,15658919.9,13178678.11,13573227.09,11404058.95,1098003.45,13554352.84,2354881.12,,True,True
419010,1T2025,115951806.69,107359860.32,110670963.8,97151125.76,8978579.65,109265833.05,3601346.55,9050612.81,True,True
419133,1T2025,65975825.1,51019434.31,43174372.6,0.0,42475458.37,547758713.84,30784831.69,12166640.36,True,False
419427,1T2025,32013947.9,21067224.31,22204619.53,14305920.69,6411001.52,14698496.26,457829.88,,True,True
419591,1T2025,1874614.45,2136451.52,1829571.1,1582541.58,533675.52,1731694.46,106583.69,,True,True
419851,1T2025,3060297.03,2805073.02,2876942.89,2477142.7,286967.48,3275601.67,3397.34,836442.04,True,True
420077,1T2025,194508191.09,173886975.72,77693145.03,68954286.56,6242769.37,70153782.72,1199496.16,,True,True
420093,1T2025,1224099.37,817242.7,1179243.64,1046807.97,137795.51,1296377.63,79908.86,186773.96,True,True
420701,1T2025,10895363.93,7747626.67,10594598.62,7271916.03,385215.77,8447770.12,276918.21,924844.64,True,True
421341,1T2025,30112342.7,28276988.9,25759012.02,22284895.52,3713651.66,24992093.54,2300801.07,749221.26,True,True
422053,1T2025,7264252.14,6707395.55,0.0,0.0,3976269.57,35121990.99,400620.25,264825.15,False,False
422070,1T2025,19914626.96,16501562.59,18308691.9,13257333.35,2584930.94,21865341.87,1293136.53,1203556.53,True,True
422631,1T2025,119561384.37,101956221.17,101956221.18,30838913.81,68471799.29,1264950378.85,104239419.84,,True,True
423203,1T2025,1754704.44,2074605.02,1727310.26,1695054.63,365209.89,1887134.85,59247.16,168008.25,True,True
423319,1T2025,18072912.89,17854296.9,17649452.09,13661040.54,1857313.38,13780354.05,492876.66,266806.55,True,True
423432,1T2025,697793.23,1091417.51,667816.83,848570.21,183374.16,813879.99,,,True,True
423513,1T2025,260545.52,31802.4,,,31562.55,,,,False,False
423777,1T2025,164379.68,100677.56,,,100673.42,,,,False,False
302627,2T2025,14199032.72,13570174.48,11274499.69,11941014.4,1298710.68,12722972.8,704577.08,165364.28,True,True
304131,2T2025,31071325.33,31864887.29,29355825.7,28352687.53,2405444.93,30285866.21,2012772.32,331886.22,True,True
306754,2T2025,18092216.64,18294421.81,13664671.83,12279549.27,2502823.92,14858800.74,1630383.48,948867.99,True,True
307319,2T2025,112833663.6,81704417.12,77815373.01,69247316.38,6861742.45,79624223.34,2507958.86,10168140.22,True,True
307751,2T2025,35002841.24,36817726.25,31544919.49,34099512.69,2576281.85,35931290.4,1811560.83,252366.52,True,True
312126,2T2025,650787961.41,612695508.15,592305445.16,570604344.07,25313749.87,661956910.15,84180109.06,88424.44,True,True
314251,2T2025,23292436.33,21125500.32,22195881.86,18278348.63,1917037.26,19466818.3,1050661.95,394623.64,True,True
314668,2T2025,81767154.9,71147252.41,73271222.06,52890431.29,9186987.85,67003371.2,3473609.71,5177497.77,True,True
315044,2T2025,70203625.33,67408348.99,64723102.1,62772348.1,3853515.73,70575022.89,523105.89,6980681.22,True,True
315478,2T2025,481522507.78,441769827.16,455136379.82,420000185.96,18832259.34,480909492.49,37488814.48,11503651.9,True,True
315567,2T2025,51500448.07,52110023.99,47269967.24,47980477.76,3114560.61,50387613.62,608305.33,534852.76,True,True
315583,2T2025,14410256.93,5424863.62,13685167.99,3527032.09,1697117.89,11822317.48,904631.32,2082781.78,True,True
316849,2T2025,3070157.46,3070157.46,2974839.44,1844937.99,1072348.9,1844937.99,,,True,True
316873,2T2025,46582919.01,44119431.66,44177426.36,34831777.54,7120123.05,38520119.49,174246.42,3228989.34,True,True
317632,2T2025,113673240.72,111402622.1,87857881.88,86507662.24,12052126.53,97298314.35,3225463.09,1293509.66,True,True
320820,2T2025,20306944.56,17292861.73,17344329.71,13744141.95,3477820.02,16568306.23,2419226.54,442218.9,True,True
323080,2T2025,1337713317.19,1379621740.96,1240122456.07,1122467460.3,137897596.51,1369714991.31,483935738.18,38714488.44,True,True
324477,2T2025,90815667.92,88716260.54,85827568.5,72355108.43,14786781.67,86107433.46,10106199.78,2143203.38,True,True
324493,2T2025,65176857.26,60045450.47,60515881.77,51098087.12,5650322.14,56553028.55,960129.03,4424552.9,True,True
327557,2T2025,29209563.69,29169292.85,27377364.49,26870780.07,1715250.15,29899756.15,704991.9,3136434.47,True,True
329665,2T2025,15388812.17,15355779.86,12493599.62,13533926.38,1817344.76,14855424.75,231052.37,811070.8,True,True
330281,2T2025,16618517.42,15758121.36,14970026.66,12038102.26,2865197.76,13171456.84,1023809.92,113990.39,True,True
330809,2T2025,32443161.24,19942973.7,29385828.88,19519396.57,383382.21,21151103.01,669776.01,497369.04,True,True
331317,2T2025,111479298.19,108019701.57,97432573.4,82981264.87,12313188.3,135352017.48,18636539.38,4161360.26,True,True
331988,2T2025,160465611.42,159653874.63,120919004.31,120222543.77,3931095.77,144083838.62,8952229.01,15967887.95,True,True
335754,2T2025,30317049.84,30146516.74,26812197.86,26902803.82,1936229.47,29953490.44,2260534.11,700233.45,True,True
335789,2T2025,10261241.46,8872376.71,8180264.84,5695522.76,907766.05,8474255.2,576335.23,2264312.73,True,True
338648,2T2025,54482489.89,40308993.63,46505850.83,31498175.96,5156345.91,49445922.61,1364858.18,5669598.37,True,True
342611,2T2025,47449580.98,49634685.73,28517892.76,35586200.8,7101477.94,113435942.62,4013400.72,2965316.37,True,True
343129,2T2025,8305533.31,8504103.01,7807992.51,7327595.61,1082697.4,7679441.31,239729.47,108048.25,True,True
343331,2T2025,25654509.19,21945757.45,22630826.63,19590714.97,2104217.99,22591032.68,885953.71,2547365.02,True,True
344184,2T2025,1496372.27,1855652.15,1412242.83,1464827.1,155849.83,1891990.15,9049.45,416638.11,True,True
346659,2T2025,2045598556.9,2272591753.39,1862790178.39,2015020702.99,137887080.47,2234336248.82,122687368.42,54418350.62,True,True
346926,2T2025,415307789.62,419017398.04,384861081.92,330653859.77,34795142.24,346959985.29,24245343.08,5540316.46,True,True
347825,2T2025,4745878.41,3753063.62,4393035.69,2660708.71,903630.24,3192740.34,276080.49,202997.66,True,True
352331,2T2025,776654293.46,317733765.68,163003576.98,299080563.66,17074417.79,350933417.55,33091001.48,5052691.62,True,False
355151,2T2025,106791031.38,102539710.8,93337650.75,87135231.61,8183022.54,110460216.88,9928073.93,14017897.23,True,True
356476,2T2025,41683247.67,37039690.1,39400313.39,33005499.51,2940042.38,38270938.77,500265.26,4810214.7,True,True
357669,2T2025,7351617.04,6363335.48,5904581.5,4888229.07,1166481.22,5968259.39,652145.37,430716.9,True,True
358754,2T2025,30751929.91,21248484.18,20660766.47,15798120.98,3607193.64,19418303.84,938376.37,2623225.23,True,True
359122,2T2025,33741987.4,28432196.59,29803306.87,23132373.0,2765052.76,26271256.28,1491249.65,1647633.63,True,True
361011,2T2025,166448621.43,159014365.94,129270215.95,130969860.18,22800934.84,142202526.96,10224131.63,1403942.64,True,True
361461,2T2025,25205713.75,22630541.18,21034734.87,19659067.2,2259389.95,22277648.17,667794.75,2313399.5,True,True
363855,2T2025,27832722.2,27054062.83,25699241.4,21900309.37,2461519.34,25098257.05,52540.14,3353977.96,True,True
368920,2T2025,32042269.14,27062526.27,29163444.5,21829520.32,2895370.15,25637278.78,1837744.71,2339405.98,True,True
378216,2T2025,22725907.53,18101224.38,20074476.6,14735048.42,2423942.27,16128564.53,847607.88,1092147.7,True,True
380661,2T2025,86246177.24,102325719.03,79824116.08,90610289.97,8986174.0,99448385.42,-2579034.97,6665034.77,True,True
382639,2T2025,1965954.14,1963877.82,601666.12,603851.77,31208.39,910172.84,25660.04,191559.46,True,True
384704,2T2025,8805540.78,7744123.33,8418184.49,7043901.23,580417.91,7558917.77,277231.93,127088.88,True,True
385697,2T2025,134301280.0,127733604.91,109934933.68,112005522.0,13843883.51,178172383.25,19807650.18,14253140.68,True,True
387185,2T2025,9307840.23,8584435.2,7858743.08,6607625.65,1784892.55,7476403.86,360037.02,,True,True
388092,2T2025,4243225.57,4437193.16,3572427.88,3467594.05,512493.9,3849048.1,217397.4,164056.65,True,True
390259,2T2025,3082991.75,3079670.35,2931302.25,2120570.32,913171.0,2200183.01,,100354.01,True,True
393533,2T2025,1926034.12,1557459.3,1153047.31,-1143415.25,1476527.81,11317971.1,328605.24,,True,False
402206,2T2025,7448565.85,7282719.93,5507840.8,5564476.64,454807.3,6805870.74,555709.21,725247.59,True,True
404241,2T2025,3812551.56,4198897.03,2551808.01,3807138.95,269443.83,6150840.95,64889.69,2374136.63,True,True
406635,2T2025,3193897.46,2573301.73,2901563.21,2053141.5,472695.77,2364893.7,1482.95,332218.45,True,True
406813,2T2025,2192055.37,1315547.27,1963265.38,1080774.0,206792.39,1427605.14,3574.68,323522.37,True,True
406937,2T2025,6057141.47,5872158.93,5530042.05,5539264.72,461606.17,7102186.52,0.0,1530029.46,True,True
406945,2T2025,14971393.61,15287173.91,14226231.96,13879076.36,1053309.73,16588023.14,1498177.67,1472814.75,True,True
407569,2T2025,2407281.91,2079915.73,2289170.63,1722176.28,344357.45,1722176.28,0.0,0.0,True,True
408026,2T2025,1538819.94,2063735.29,1459402.84,1608203.1,188646.21,1918022.31,,321086.75,True,True
408034,2T2025,1902553.1,1239275.9,1771751.7,833931.47,385453.49,1140264.72,9982.18,275977.46,True,True
408093,2T2025,2108712.54,1033956.28,1695318.24,697094.99,265041.01,873958.99,842.76,142715.76,True,True
408263,2T2025,2706687.19,3086452.33,2589876.06,2802860.81,205246.4,3184829.14,43491.76,328695.46,True,True
408794,2T2025,8791797.02,8549255.36,8084695.36,7234207.79,1119067.47,8324561.26,740057.21,475467.63,True,True
409243,2T2025,57206252.17,53242796.6,52118592.04,44290560.12,6307158.94,49326441.85,1788081.17,3288542.5,True,True
409405,2T2025,1212906.12,1176918.76,1162677.13,639065.97,255632.68,1014959.8,17886.17,336181.15,True,True
409413,2T2025,3547004.27,4237503.72,2874677.02,3701369.02,431447.27,4119854.5,198093.26,288246.71,True,True
410110,2T2025,15392693.01,16185176.38,9519734.25,6520481.15,872443.36,7162247.77,68390.8,601260.49,True,True
410128,2T2025,12147803.4,12521763.98,11659462.27,11297226.32,850889.64,11927735.98,50761.25,764034.96,True,True
410608,2T2025,4785401.73,4931578.08,4572078.44,4018901.84,679455.55,4991965.51,116162.42,872024.94,True,True
411248,2T2025,1881935.28,1820530.0,1802747.77,1392992.11,354293.03,1653398.22,28543.51,224597.14,True,True
411809,2T2025,2544717.48,3031792.76,2441669.38,2622409.16,317651.0,3372119.49,171638.93,586811.92,True,True
412295,2T2025,19700563.89,15894759.17,17035683.35,13973963.18,1147259.96,16292264.15,601178.37,1817847.86,True,True
412635,2T2025,6808712.25,5782160.08,6404336.15,3620474.12,1892093.81,6077687.14,121864.56,405939.76,True,True
413518,2T2025,7072912.21,6678992.95,6262929.09,5858843.82,761166.11,6754452.5,310284.69,484232.53,True,True
413534,2T2025,367191527.34,383548786.87,314896216.83,229206611.21,29693763.5,233976550.89,4001610.25,978970.99,True,True
414026,2T2025,1758309.75,2158414.85,1379180.95,1682905.65,369140.98,1927351.13,32592.24,206071.11,True,True
414212,2T2025,10056668.0,6492262.13,9766991.57,5853238.25,509051.5,7259249.56,355236.79,881391.75,True,True
414310,2T2025,30256686.56,33637280.91,25630193.26,28930866.5,3383803.01,43355011.28,2169952.25,4887195.62,True,True
414689,2T2025,294848.18,681318.12,0.0,-143853.13,677154.96,2670070.45,56842.24,246795.6,False,False
416401,2T2025,81280618.89,66316000.25,75902974.91,57328707.04,4079962.82,65637218.19,2831878.59,6654138.16,True,True
416568,2T2025,37420015.45,45975764.28,32383090.84,38631969.26,5040048.56,78787865.45,2686292.53,7385604.71,True,True
416584,2T2025,10503373.33,12340206.05,9885170.0,11478144.02,703992.51,14865643.37,971705.94,2643073.41,True,True
416690,2T2025,23364399.71,22822365.57,20225893.54,19703482.07,2170055.75,22434640.81,1653783.4,1378425.67,True,True
417211,2T2025,23900739.64,20547573.5,20621732.77,18145097.3,1777465.7,18763478.54,618381.24,,True,True
417297,2T2025,31488937.7,29526427.71,29100194.3,24585253.03,2845335.1,36523949.47,1850095.81,1908212.24,True,True
417505,2T2025,199457549.98,199780260.0,173781079.59,152670596.75,10330665.32,175083741.21,9118657.81,11828320.22,True,True
417548,2T2025,66048102.11,50080665.99,67137131.77,43295547.85,4816848.43,46510456.24,997894.97,2070997.48,True,True
417661,2T2025,21369322.55,19264526.07,20051412.05,16551613.77,2113348.37,18663308.08,1042036.86,351860.04,True,True
417955,2T2025,27751048.18,21261396.3,23638837.67,18191048.0,2241975.99,19932202.32,2075151.98,,True,True
418129,2T2025,3153686.99,2833926.11,2218247.79,1900161.7,311291.82,1982228.05,96765.51,,True,True
418285,2T2025,12012192.69,9931857.3,1776195.12,0.0,5808276.6,42051162.93,34544.32,527395.55,True,False
418374,2T2025,31201564.69,28855006.32,27862583.98,18160517.45,5076732.91,44966872.42,7723861.36,1713143.26,True,True
418617,2T2025,12482210.96,10904998.93,11436053.1,9950682.84,545258.02,10770625.75,1012250.05,,True,True
418650,2T2025,61394352.95,50463335.25,55498644.95,37779253.07,7313705.24,41647818.77,4461421.24,,True,True
418820,2T2025,16269452.29,13803675.05,14021236.47,11055231.2,1144780.2,13540705.52,2455902.19,,True,True
419010,2T2025,119536100.45,117733631.49,113555672.87,107424181.31,8564569.73,121295142.77,4229617.18,10078848.55,True,True
419133,2T2025,54528994.62,57942441.21,43765526.97,0.0,43110335.1,599668082.43,21828425.17,9774214.94,True,False
419427,2T2025,25057527.31,22407754.33,21472772.58,15842792.72,5805618.79,15858600.67,48516.82,,True,True
419591,2T2025,1947441.62,1731435.58,1898551.53,1089800.93,621883.12,1186410.79,81220.57,,True,True
419851,2T2025,3037847.2,4166413.87,2887707.14,3079982.04,309694.73,3849191.13,285.71,821642.24,True,True
420077,2T2025,192518330.08,185456079.31,70150435.36,76510326.28,7975716.95,77643296.77,1132970.49,,True,True
420093,2T2025,1072674.68,1053830.85,1023485.68,980792.99,156722.04,1193078.64,59073.7,153621.13,True,True
420701,2T2025,10057592.12,9643619.43,9664373.03,9159268.14,399932.92,10319192.55,207010.53,1089009.13,True,True
421341,2T2025,35665876.18,30357083.81,30848636.19,23991796.35,3973387.4,27381356.6,2737971.31,868266.49,True,True
422053,2T2025,5723511.83,6063146.76,0.0,0.17,3828879.54,42025292.6,462419.52,256008.14,False,False
422070,2T2025,19996037.49,16315401.66,18095868.1,12657089.76,2778433.56,24574766.02,2293955.44,952898.59,True,True
422631,2T2025,112471546.13,98526735.88,87377905.33,12349438.65,72502267.34,1416359613.48,81952259.48,,True,False
423203,2T2025,1738584.55,1262380.35,1715220.15,29710.32,350431.28,246617.38,48085.22,196178.35,True,False
423319,2T2025,19206206.93,15919725.35,18753119.68,11854900.56,2130338.58,12078557.29,624842.63,245614.62,True,True
423432,2T2025,415433.49,1214713.25,259450.47,910171.86,218073.68,923472.38,44660.85,,True,False
423513,2T2025,290037.77,102978.4,,,24951.94,,,,False,False
423777,2T2025,213576.84,102739.43,,,99035.07,,,,False,False
424188,2T2025,1194870229.82,1331664022.03,1146074152.38,1197155075.33,52793531.1,1208003542.99,13454480.13,88803762.4,True,True
302627,3T2025,14957432.27,12401346.47,12044164.81,10913174.24,1196352.92,11782388.46,752608.2,203407.93,True,True
304131,3T2025,39186577.62,34489568.53,37257726.83,31183057.07,2738951.01,33249745.51,1966609.54,503349.96,True,True
306754,3T2025,17937717.24,17259595.77,14000183.02,11205704.64,2662590.94,13193647.16,947271.19,1040671.33,True,True
307319,3T2025,107898328.02,91326332.69,74541690.93,78407312.91,7349982.19,89514034.15,2536956.05,11231874.23,True,True
307751,3T2025,35473484.36,34327869.65,31583121.01,32757472.42,2287673.63,34943237.25,1764249.69,268161.95,True,True
312126,3T2025,656268296.91,645268676.16,593160579.4,601385164.25,28871442.56,685466338.4,82808745.53,100514.04,True,True
314251,3T2025,23616366.69,22276411.61,22276770.61,19076340.65,2054847.68,20431497.38,1266967.62,396966.21,True,True
314668,3T2025,81319531.66,66506258.27,71907373.21,50423064.61,9166890.02,66672548.69,1366733.31,5374217.99,True,True
315044,3T2025,75433533.77,67006899.4,69823775.48,61881976.36,3680993.26,70022416.77,493223.21,6826976.74,True,True
315478,3T2025,514895007.0,463424883.98,467170468.89,421199466.05,19763309.97,490609679.8,41842446.2,12064129.4,True,True
315567,3T2025,53508200.12,49799078.73,48935777.87,45278982.18,3459914.05,47875125.22,535175.11,776915.37,True,True
315583,3T2025,10822775.24,7447185.32,10092370.5,4382675.56,1756865.94,13319974.08,1821985.64,1951719.61,True,True
316849,3T2025,4218770.47,4218770.47,4113817.76,3129172.91,958640.2,3129172.91,,,True,True
316873,3T2025,48725656.45,45221249.31,46138931.99,36578302.67,6533672.37,40282722.94,80174.22,3447750.06,True,True
317632,3T2025,114799268.85,111178298.87,93141462.76,89843922.56,12633034.45,104274962.21,3425921.41,1300792.07,True,True
320820,3T2025,18984997.12,19269009.32,15649761.54,14847611.27,3879247.92,17577827.76,2409122.47,352944.2,True,True
323080,3T2025,1349767788.12,1538540050.8,1242477125.06,1296030137.77,124951808.43,1772792912.06,652923788.18,75656585.26,True,True
324477,3T2025,86590312.31,93850502.78,81400723.6,78348549.11,12476267.94,94076207.16,13709300.61,2085185.43,True,True
324493,3T2025,70868745.06,61938108.69,64157332.4,53823802.29,5196220.31,58473049.71,1045256.62,4513394.22,True,True
327557,3T2025,33795191.86,28252973.27,28678181.55,26266177.12,1823822.21,31431528.02,857118.36,3412904.32,True,True
329665,3T2025,14551263.2,13548871.29,14096831.23,11960449.51,1579404.58,14871525.45,176774.96,1605000.88,True,True
330281,3T2025,16716949.96,15574214.41,15024737.09,12467569.57,2809027.04,13840047.69,1273928.45,229666.57,True,True
330809,3T2025,30202361.63,23661430.8,26483299.86,23173371.25,391941.28,24391364.45,51935.98,772217.75,True,True
331317,3T2025,121945649.95,102651418.75,106286180.1,80803831.52,14647918.85,144060931.36,19604975.05,3942474.63,True,True
331988,3T2025,181704606.18,169019015.51,139956793.58,129112287.86,4603409.13,154198461.64,9155739.7,18579761.62,True,True
335754,3T2025,30951352.78,32737605.5,27499716.2,29834257.52,1884335.31,32233418.96,1635199.08,852539.92,True,True
335789,3T2025,11252413.37,13577585.75,8171904.55,6420754.28,894802.18,9461136.53,514299.56,2564938.99,True,True
338648,3T2025,57346201.26,58039314.42,48539240.93,46762134.52,4635109.54,57858894.97,1596645.54,5898854.8,True,True
342611,3T2025,52065047.1,50353945.35,33175439.05,37562177.4,6613452.13,113181845.2,763639.36,2518145.2,True,True
343129,3T2025,9721806.99,9339490.85,8903156.44,7918838.08,1109144.91,8531046.19,508905.98,173418.6,True,True
343331,3T2025,26093517.19,23430494.44,23089444.16,20744525.66,2543033.7,24302318.06,988344.35,2567972.3,True,True
344184,3T2025,1394139.0,1357594.77,1310124.23,928124.2,154058.32,1355250.33,18339.71,367704.77,True,True
346659,3T2025,2131466188.74,2373303512.91,1923379014.67,2096372901.58,135540609.84,2348529699.97,141384746.93,58489689.65,True,True
346926,3T2025,440880611.37,416048541.23,421123137.37,342203860.73,35665804.44,365329006.33,30956628.54,5398647.95,True,True
347825,3T2025,4819932.77,3668421.53,4337565.74,2835681.29,805015.91,3341110.27,368166.01,163938.23,True,True
352331,3T2025,272136010.57,395442691.55,163683810.83,328214352.68,10428367.31,379640436.57,33816830.29,5323728.64,True,False
355151,3T2025,105836870.92,103862233.56,92383841.9,86937632.33,8701489.67,113989807.1,14080779.77,13127006.07,True,True
356476,3T2025,41737733.77,39650040.36,39071155.79,36300882.66,2697562.23,41954271.91,926317.65,4799303.23,True,True
357669,3T2025,8332765.34,6500039.48,6625245.1,4822078.17,1284646.55,5886273.52,427277.73,494631.86,True,True
358754,3T2025,20696519.81,12769039.72,15663499.61,7447823.61,3603717.17,9676717.3,693688.36,1533000.92,True,True
359122,3T2025,33702796.48,31351334.12,30345017.17,26040494.07,2750198.43,29769719.38,1887491.0,1841734.31,True,True
361011,3T2025,225006678.9,172930959.63,144744300.22,141336092.06,24559587.69,161266525.28,19048494.9,1943106.59,True,True
361461,3T2025,23724308.34,26862912.34,22603505.0,21770203.87,2697112.04,24938974.6,1315793.29,2367625.47,True,True
363855,3T2025,29849853.53,30517192.82,27538562.1,26012546.9,2539011.63,28925879.31,3131.72,3436388.59,True,True
368920,3T2025,30483133.54,31661374.43,27904642.45,25953649.24,2689788.22,29850599.85,2306017.27,2396286.7,True,True
378216,3T2025,21422962.11,19106157.61,18459210.07,16394213.17,2490944.07,17609195.01,609663.04,1181324.82,True,True
380661,3T2025,94522004.52,74995825.21,88216929.7,61706543.08,10055353.54,96616033.31,4330640.15,24587289.29,True,True
382639,3T2025,1864361.56,1785575.13,601564.11,732967.2,43865.56,1043161.65,2360.72,260220.6,True,True
384704,3T2025,11051315.19,8905560.45,10502948.35,8047072.17,736111.05,8954610.49,502313.86,239872.72,True,True
385697,3T2025,136281000.41,130741127.87,111881485.4,113984788.17,13853155.04,187257493.41,19918797.28,13677044.73,True,True
387185,3T2025,6450604.84,7380499.85,4860946.73,5740526.39,1512141.77,9309943.12,472175.0,,True,True
388092,3T2025,4389255.41,5335991.22,3691422.49,4032163.64,558608.1,4526062.12,192738.1,296363.08,True,True
390259,3T2025,3223776.27,3011552.58,3077126.21,2125937.14,866626.79,2208072.96,,86942.51,True,True
393533,3T2025,4206949.76,3848311.2,3418516.09,3010085.96,1327641.71,15855702.11,340166.59,,True,True
402206,3T2025,8066608.31,8489426.3,6072255.03,6256072.47,476217.36,7554079.67,642648.0,711230.92,True,True
404241,3T2025,3827558.85,4437724.33,2456383.17,4054238.46,262527.04,6629630.87,55902.48,2651279.22,True,False
406635,3T2025,3399816.89,2814826.78,2908949.98,2194795.38,533489.33,2459701.71,6095.72,332765.46,True,True
406813,3T2025,1768791.4,1308086.96,1500709.93,1095892.15,175986.09,1409904.09,3176.98,316824.36,True,True
406937,3T2025,7222347.73,7380948.03,6364959.13,6219706.57,499743.25,7306541.71,0.0,1351036.83,True,True
406945,3T2025,16035684.97,14988638.39,15059046.19,13494210.55,1188670.48,15821338.92,666955.74,1783669.79,True,True
407569,3T2025,2475435.06,2011521.3,2305577.81,1656505.29,353665.36,1656505.29,0.0,0.0,True,True
408026,3T2025,2055012.24,1673067.72,1645230.81,1518866.53,204968.03,1859815.72,,328426.63,True,True
408034,3T2025,2190864.93,1296696.89,1875610.27,898487.61,377480.65,1149672.33,-2328.12,251230.05,True,True
408093,3T2025,1274443.2,2310346.94,1061179.43,2021921.3,233043.57,2175654.91,4806.82,192586.32,True,False
408263,3T2025,2497199.03,2922930.9,2372693.7,2773932.03,207284.6,3029917.85,74.9,263929.46,True,True
408794,3T2025,9434539.8,9811923.51,8608977.79,8565679.51,1137389.16,9703420.26,681594.14,516823.82,True,True
409243,3T2025,58160338.9,57014173.43,53000263.5,48823304.76,6075916.43,53880450.76,1800818.27,3298832.08,True,True
409405,3T2025,1249518.94,1187801.4,1193678.21,859340.28,240344.65,1330281.79,10508.88,449931.95,True,True
409413,3T2025,3639152.86,4024678.35,2828864.5,3495683.82,508377.85,3800698.1,109482.96,257773.85,True,True
410110,3T2025,15237611.33,16071830.09,9381017.48,6102677.9,1189791.19,6636224.77,37423.02,527881.16,True,True
410128,3T2025,12872076.3,12567197.31,12289600.37,11541290.19,941176.87,12308677.24,57555.15,781853.2,True,True
410608,3T2025,5011329.19,5170981.41,4762547.34,4068870.23,649345.72,5038596.53,121103.57,865894.33,True,True
411248,3T2025,1863162.85,1800828.93,1767056.8,1369202.37,409277.25,1711320.1,62618.19,247692.17,True,True
411809,3T2025,3102647.24,3495404.33,2988281.15,3146001.29,285925.79,3714091.82,138712.49,554507.58,True,True
412295,3T2025,19530615.02,17143540.0,16517156.31,15223038.78,1411811.09,17170916.76,568141.07,1551136.07,True,True
412635,3T2025,4586212.66,5880023.73,4150304.98,3357674.64,1775461.43,3315526.65,43187.6,260700.03,True,True
413518,3T2025,7268738.74,6728668.06,6428111.5,5690135.49,994729.02,6518918.04,295330.56,496963.08,True,True
413534,3T2025,368247386.86,369184961.54,317414653.85,232412884.88,28407553.12,244669499.04,8452037.99,1496790.65,True,True
414026,3T2025,2194993.28,1845880.21,1776229.39,1482768.19,263858.37,1757635.18,36693.76,204989.25,True,True
414212,3T2025,8630315.1,7048560.95,8163694.77,6339035.28,611470.87,7309373.73,95360.81,856197.96,True,True
414310,3T2025,32374364.71,36699855.44,28094987.75,32414593.2,3184551.17,47245207.84,2121856.87,4979137.31,True,True
414689,3T2025,753444.61,792307.31,430883.84,55264.12,608723.19,2593211.87,143542.17,263861.13,True,False
416401,3T2025,70565418.51,65327207.61,64828953.71,56995883.18,3880841.71,67387205.03,3622963.31,7231759.27,True,True
416568,3T2025,45753234.49,47731972.9,39990396.02,40920303.0,5029066.01,84003596.21,2367361.47,7069076.44,True,True
416584,3T2025,12230893.52,12927424.13,11536606.09,12046038.22,715836.88,15883156.09,944173.99,2849128.57,True,True
416690,3T2025,22959585.89,25612457.67,19670990.5,22785648.09,2094822.74,25788907.21,1876957.96,1523375.64,True,True
417211,3T2025,24220103.96,21146279.14,20689781.08,19553355.88,1482544.63,20485801.85,932445.97,,True,True
417297,3T2025,36727848.47,29610455.84,33767204.53,24934981.95,2869039.87,37785324.89,2019113.12,1860756.73,True,True
417505,3T2025,180983410.03,135098749.61,158702483.36,129663161.86,10910921.88,157675272.08,9864542.11,11632716.56,True,True
417548,3T2025,58510746.05,56326085.35,57539238.1,49006536.4,5159650.78,52737830.95,1345871.86,2267069.03,True,True
417661,3T2025,21197352.93,21060925.58,19661489.1,18111675.3,2221657.56,20345126.15,1179599.76,382633.9,True,True
417955,3T2025,29084935.93,24356651.6,23674227.94,21194504.19,2529153.59,23077575.67,2213780.44,,True,True
418129,3T2025,3081331.18,3720918.47,2136337.38,2682665.39,307116.48,2634380.42,0.0,,True,True
418285,3T2025,11165019.06,9276727.08,1755555.29,0.0,5231931.2,45154436.86,117521.26,530650.08,True,False
418374,3T2025,34721565.79,39339433.22,32434224.24,26775819.32,5265460.79,46111963.94,2935004.46,1712906.24,True,True
418617,3T2025,13450037.58,11520663.86,12252802.41,10927505.86,563258.15,11943389.47,1070159.98,,True,True
418650,3T2025,59118515.85,57785263.7,55255588.06,46407594.32,5876030.94,50518750.53,4664330.59,,True,True
418820,3T2025,18320829.54,18886530.43,15706186.4,15787237.13,1316566.99,18866946.94,3295106.24,,True,True
419010,3T2025,142950112.68,129873670.48,135286724.56,120895606.41,9445351.62,136778881.58,4939756.51,11466318.5,True,True
419133,3T2025,58536377.58,57862805.34,43303223.08,0.0,43295394.9,578807106.71,19763418.54,12330955.78,True,False
419427,3T2025,24417295.74,30688396.42,21066470.55,22817934.59,6193892.41,23100998.85,291133.26,38970.18,True,True
419591,3T2025,1978300.57,2544968.53,1922023.45,1894210.62,631714.14,1984920.2,26750.85,,True,True
419851,3T2025,3337401.84,2583867.6,3131910.6,2965048.73,259672.69,3955229.0,13655.1,1072338.68,True,True
420077,3T2025,201459973.23,194564666.08,71413578.96,81143631.13,7288258.27,82481451.88,1337820.75,,True,True
420093,3T2025,1205966.91,1400106.08,1151549.74,1240359.14,127776.36,1496488.24,72018.85,193125.17,True,True
420701,3T2025,11118910.13,11746885.56,10632205.15,11231538.65,409537.25,12439380.67,271246.96,1143795.87,True,True
421341,3T2025,41654421.51,30851562.35,36273555.7,24830601.75,3800332.76,28488080.6,2776450.08,960915.5,True,True
422053,3T2025,6716435.45,6409587.59,0.0,0.0,3873045.25,44533742.73,287162.42,260959.99,False,False
422070,3T2025,21120186.11,24725482.02,18925172.39,20774490.35,2826845.85,29509283.66,1760464.38,1438308.89,True,True
422631,3T2025,89035524.34,74017742.14,62375146.61,-9996746.79,75441520.93,1519436243.81,144548899.68,,True,False
423203,3T2025,1731819.06,1695232.58,1696454.37,1026513.63,488220.19,1371563.25,124533.94,216415.53,True,True
423319,3T2025,20355511.55,18717278.68,19761884.16,14284474.19,2262935.17,15623945.87,1128262.58,786930.16,True,True
423432,3T2025,1211465.99,570068.17,1140344.48,267608.08,272974.12,229566.02,0.0,,True,True
423513,3T2025,328297.21,85545.57,,,85297.77,,,,False,False
423777,3T2025,178925.75,118432.81,,,117905.64,,,,False,False
424188,3T2025,1086483063.84,723634120.38,1056016533.58,603356751.82,28015059.39,656311976.38,8992990.22,62821365.25,True,True
302627,4T2025,15402673.01,16069781.41,12170029.85,13928524.36,1398051.63,14643968.6,824699.92,172513.93,True,True
304131,4T2025,31475505.26,39755439.06,29597491.64,36098064.27,2559876.09,38440138.93,2733817.04,498471.61,True,True
306754,4T2025,18728912.69,18559394.06,14390810.99,11666825.3,3038686.08,13591269.79,1116977.34,807467.15,True,True
307319,4T2025,109538162.58,100019484.56,74875155.89,86552004.12,7388632.22,98302672.6,3888811.91,11193205.56,True,True
307751,4T2025,45557234.96,37197968.31,41744114.48,33712526.28,3478210.22,36172243.05,2126687.45,284107.78,True,True
312126,4T2025,644672211.95,642160409.27,582839992.97,600746142.44,27172593.44,686512124.77,88523984.11,2595299.36,True,True
314251,4T2025,23694409.87,23039041.05,22357086.81,20034835.37,2072122.9,21351715.46,1077315.49,546485.1,True,True
314668,4T2025,88046942.52,87045281.06,75998485.77,61022189.49,10143099.77,75828028.93,1214965.03,6283515.65,True,True
315044,4T2025,75029359.89,69628805.63,68420195.98,64212618.06,2113400.92,71953339.39,298769.41,7020555.18,True,True
315478,4T2025,446981954.41,463198883.32,402824328.98,441185228.8,18160260.12,495523296.02,41558229.3,11712020.87,True,True
315567,4T2025,55635331.75,49370814.83,50888903.74,45415278.76,3082964.23,48730885.94,432033.04,1262439.37,True,True
315583,4T2025,10274913.58,14408304.5,1375736.6,4968411.15,1891402.25,13695631.02,1431546.19,1862984.1,True,False
316849,4T2025,3949721.2,3949721.2,3840071.58,2850116.03,1011903.04,2850116.03,,,True,True
316873,4T2025,48235920.48,45689626.1,45962593.9,36761162.18,6555215.69,40176871.98,177032.39,3186978.78,True,True
317632,4T2025,115896821.27,112267301.16,94912937.27,88128614.41,12756751.35,101533592.88,3651503.38,2591582.68,True,True
320820,4T2025,18540040.59,18301044.02,15478579.56,13535130.39,4091792.01,16061628.01,2285103.44,407185.04,True,True
323080,4T2025,1870188680.26,1395165341.07,1437676514.87,1122433324.77,144578813.39,1789455875.73,419904986.12,58455163.9,True,True
324477,4T2025,95235012.75,80555810.98,90330706.97,63657571.64,13263586.03,80241907.23,12752818.46,2059935.21,True,True
324493,4T2025,74898905.12,61768386.24,70381863.38,51322461.31,5717842.73,56093677.73,1109837.26,4465674.24,True,True
327557,4T2025,32832704.9,28347920.68,34047217.87,25278476.48,1896041.06,30208108.4,888555.22,3456039.79,True,True
329665,4T2025,17646255.61,13391235.22,17077464.26,12316977.82,1060303.98,14966528.99,561135.04,1135021.99,True,True
330281,4T2025,17165110.0,17925486.48,15463860.86,13792751.26,3436870.62,16471447.17,2351005.99,326072.82,True,True
330809,4T2025,29434045.48,35832780.26,25758352.56,34996627.52,478687.57,35309339.42,252111.39,944627.82,True,True
331317,4T2025,113227044.76,118092329.58,100629199.61,92737550.87,17360797.48,143184132.35,11825637.98,4561174.17,True,True
331988,4T2025,214478966.41,225191232.9,129674742.79,139251589.37,5692258.65,158300648.17,6696077.87,15863340.97,True,True
335754,4T2025,31896801.41,32169511.87,28378802.81,28947490.84,1855098.75,31698354.39,1463268.36,1037909.95,True,True
335789,4T2025,14803540.16,10893571.07,8375855.86,6450692.63,944559.06,9726071.68,560675.24,2757221.9,True,True
338648,4T2025,59263646.62,59208361.58,47648617.73,50555347.18,4937074.43,56115548.31,1970375.28,6375232.84,True,True
339636,4T2025,63591081.37,62294199.81,38299601.51,3679364.91,47330995.85,359523860.74,26885410.84,28288483.27,True,False
342611,4T2025,63401714.93,47489285.66,46199502.22,33701934.3,7320985.18,109509590.44,2294773.49,5617783.42,True,True
343129,4T2025,9187553.08,9040812.33,8601487.51,7991024.07,1238522.58,8541410.46,436243.18,214776.19,True,True
343331,4T2025,25208029.54,24416789.92,21801676.39,21428522.01,2577074.39,25336584.7,1076507.67,2856643.21,True,True
344184,4T2025,1439368.21,1463900.45,1331786.86,1052952.98,162456.66,1408569.23,9991.85,337009.26,True,True
346659,4T2025,2376933957.3,2272853148.81,2147148263.56,2004252060.48,150029570.57,2264198531.28,141106374.39,65832739.97,True,True
346926,4T2025,464342989.38,472319943.28,442726267.49,408991001.22,39823791.46,434880716.15,37006033.14,6234086.98,True,True
347825,4T2025,4794345.68,4606709.13,4371906.12,3671095.94,805757.18,4033040.87,296026.41,41948.93,True,True
352331,4T2025,571890434.08,398228219.12,169676918.07,326110840.78,13090531.15,379270800.22,34136759.51,5156002.56,True,False
355151,4T2025,109169753.81,113071763.86,91494038.46,92138962.05,8911327.24,118859940.4,12648212.12,14719095.44,True,True
356476,4T2025,42337575.6,41444755.66,38869380.82,37164640.06,2987161.42,42124346.62,762467.43,4996179.19,True,True
357669,4T2025,7372776.41,8477977.25,5831420.41,6849497.49,1144899.11,7993375.83,755423.92,515303.18,True,True
358754,4T2025,30604171.04,43687205.2,27383635.97,35268130.51,6628485.39,41372484.59,2459660.74,3594778.93,True,True
359122,4T2025,33272376.65,30227872.38,30848858.07,24838078.19,2727295.96,28314167.19,1645680.31,1830408.69,True,True
361011,4T2025,78048729.14,121253622.96,187963418.71,152023383.01,-21689342.85,161070437.85,7933072.37,2069408.52,True,True
361461,4T2025,24942432.55,25981226.85,22392867.54,21050135.08,2723758.67,24421076.64,1321513.72,2456556.08,True,True
363855,4T2025,30935061.28,31359411.79,28441068.83,26035140.04,2748530.1,29313229.22,0.0,3470424.03,True,True
368920,4T2025,33752727.06,26449246.26,31151085.54,20953050.55,3149044.85,24771245.8,1563570.77,2483708.9,True,True
378216,4T2025,21024165.39,20839754.49,17824878.51,17084815.29,3743594.07,18524502.76,833270.07,1238426.88,True,True
380661,4T2025,97324371.29,96840298.88,90082345.53,80498645.2,10893331.59,102395662.42,14944471.69,6544687.61,True,True
382639,4T2025,1888277.14,1882262.78,660236.9,656309.19,170029.57,1040278.27,2022.97,330722.05,True,True
384704,4T2025,10610968.13,12367998.4,10142323.41,10997971.14,826708.19,11343555.74,330422.57,192373.13,True,True
385697,4T2025,152898208.36,155871824.48,118186535.39,114877205.15,15692839.79,187434011.72,17913216.03,12694942.06,True,True
387185,4T2025,7596362.33,10150251.1,5784378.25,7841182.79,2085134.24,10848104.83,454815.31,,True,True
388092,4T2025,4560016.75,5781365.01,3900484.97,4531686.52,730391.77,4854009.62,202163.68,133979.42,True,True
390259,4T2025,3320146.18,3468694.57,3157175.83,2391439.94,932881.41,2456616.34,,105923.97,True,True
393533,4T2025,-856967.71,-847817.08,-1579025.48,0.0,1383564.47,13256539.63,381737.94,,False,False
402206,4T2025,8036149.59,9106874.65,6028047.59,6690514.84,451176.87,7932609.04,598225.9,752204.44,True,True
404241,4T2025,3099747.22,6714609.29,1752134.42,6051749.94,519799.86,8467593.15,122190.94,2554555.06,True,False
406635,4T2025,3305422.31,2374557.27,2927620.46,1828418.55,489857.66,2182822.82,665.96,363254.32,True,True
406813,4T2025,1848863.39,2301204.26,1589758.44,1014599.77,809371.27,1318038.99,2375.17,296004.59,True,True
406937,4T2025,7349082.78,6801767.75,6497171.94,5850938.38,481407.08,7194294.15,0.0,1376336.69,True,True
406945,4T2025,15670002.56,19280449.55,14829889.46,16836445.84,1119779.84,19618411.45,1691006.33,1636297.52,True,True
407569,4T2025,2495514.05,2333677.98,2358805.97,1921357.88,410673.07,1901357.88,0.0,0.0,True,True
408026,4T2025,1307236.68,1845413.07,1177273.25,1655883.47,266951.59,1998329.02,22360.31,331681.17,True,True
408034,4T2025,1815439.42,1927663.6,1667611.85,1551092.96,375088.56,1930119.94,108402.05,297013.44,True,True
408093,4T2025,1971016.75,1025924.94,1562308.26,611213.2,286662.96,806216.86,19282.46,143781.43,True,True
408263,4T2025,2194188.86,3397819.04,2092509.25,3068179.37,274450.29,3351826.8,14339.57,362462.51,True,True
408794,4T2025,7182704.44,10510388.65,6428362.81,9304451.89,1061474.81,10304700.23,757549.37,525148.08,True,True
409243,4T2025,57364523.11,62493351.57,53223937.24,52554661.64,7261251.87,56742652.58,1897655.85,3253498.93,True,True
409405,4T2025,1239510.25,1823546.43,1181164.51,1091215.89,256693.97,1611511.01,10589.98,516160.89,True,True
409413,4T2025,4229381.46,4159798.15,3467350.37,3529172.18,530790.97,3857486.36,122784.18,276168.65,True,True
410110,4T2025,15589542.5,15048677.55,9586301.85,6879859.42,961975.93,7504378.66,29871.17,607190.37,True,True
410128,4T2025,12779751.37,11879774.58,12497161.64,10703180.31,1031317.93,11744052.95,180439.68,868863.13,True,True
410608,4T2025,5371453.2,5457758.91,5121777.89,4463555.25,757644.05,5550676.71,130401.14,1003506.58,True,True
411248,4T2025,1831728.2,2355921.67,1738407.38,1830279.62,455276.19,2140459.35,42197.05,275356.42,True,True
411809,4T2025,3630444.17,3462695.96,3525566.44,3121617.85,257127.54,3912065.74,154707.05,576548.49,True,True
412295,4T2025,20232845.59,20465140.76,13864368.9,14749604.18,1399489.75,17150329.33,679805.56,1724957.15,True,True
413518,4T2025,7376637.1,6709322.57,6505262.82,5882032.17,784195.76,6943833.55,342574.36,554782.07,True,True
413534,4T2025,379102478.02,380885880.4,328008304.5,222281011.45,35809578.08,231253443.21,5892071.62,2033560.9,True,True
414026,4T2025,2380923.96,2067186.81,1802504.36,1659911.43,282313.75,1941830.47,31727.57,242223.77,True,True
414212,4T2025,7581157.84,7229225.54,7169178.47,5335354.24,300168.21,6362037.17,70302.43,863381.76,True,True
414310,4T2025,36936739.65,38777525.21,32342812.76,33147735.92,3753087.67,49272582.21,2612528.76,5306574.54,True,True
414689,4T2025,1464937.53,717038.58,752163.38,-94055.56,646234.46,2080726.38,64213.97,316601.59,True,False
416401,4T2025,65467351.56,71774633.78,59609039.11,61581200.56,4621626.6,73124956.82,4808328.63,7087828.46,True,True
416568,4T2025,47630015.03,46215500.17,42444482.14,39058184.81,5532873.91,81496388.91,2179259.71,7545376.7,True,True
416584,4T2025,10742834.32,13021426.34,10110133.53,12174721.74,672589.8,15505521.92,794417.14,2735617.86,True,True
416690,4T2025,22850148.03,27135804.99,19613997.36,22908215.49,3311268.98,25224871.95,1159569.1,1641511.29,True,True
417211,4T2025,26436732.14,20791369.63,22836860.14,18235505.66,1766676.1,19057680.58,822174.92,,True,True
417297,4T2025,36494575.65,32540733.15,33359994.59,27125528.11,2916320.06,40251791.44,2114514.83,1785395.6,True,True
417505,4T2025,193587917.89,158758653.36,168334730.08,130338727.3,12630698.05,151585422.45,7588395.05,11654474.68,True,True
417548,4T2025,57218613.33,57726404.27,56351442.68,49674555.36,5766577.79,52638427.67,1211982.06,2125369.81,True,True
417661,4T2025,21259366.97,20147507.6,19707914.6,17160922.3,2201731.28,19920317.55,1254240.8,491671.29,True,True
417955,4T2025,28607638.77,25297771.22,23757954.33,21118819.37,3590110.95,23872003.12,3076853.86,,True,True
418129,4T2025,3160710.51,3737993.95,2313801.39,2719097.2,401525.37,2856718.98,221772.38,,True,True
418285,4T2025,11301589.62,9985164.36,2048093.02,500.0,5960871.81,46060433.09,19284.34,648270.7,True,False
418374,4T2025,33021608.49,29551621.18,28945021.85,19349897.16,5253358.69,43703869.07,7964217.27,1815474.39,True,True
418617,4T2025,14736826.07,12038615.36,13536624.9,11051693.86,644617.5,12179076.94,1070433.48,,True,True
418650,4T2025,70147257.65,59272728.16,65780787.83,47614540.55,6775485.27,51139312.54,4534406.49,,True,True
418820,4T2025,18841641.48,15952471.84,16413511.12,13357023.49,1254377.45,16659856.42,3458609.41,,True,True
419010,4T2025,137869748.74,128472914.4,124140542.01,111482821.94,9558252.74,126490616.34,4566580.59,11058056.8,True,True
419133,4T2025,55062276.63,911699891.56,44676595.4,0.0,42739759.71,546995204.75,20972369.53,13527185.0,True,False
419427,4T2025,24597990.21,27254719.88,21317918.53,18789917.55,7000269.19,19247478.78,498202.25,14020.58,True,True
419591,4T2025,2009530.24,2009283.88,1955304.03,1384975.21,601686.81,1642581.92,51842.23,2475.47,True,True
419851,4T2025,-9435546.07,-9555354.49,-8896560.63,-8522173.47,-856334.9,-11080021.8,-17338.15,-2730422.96,False,True
420077,4T2025,209069260.64,199374117.36,73297724.54,82172642.93,12496402.92,83729526.44,1556883.51,,True,True
420093,4T2025,1040591.44,1363312.74,984154.16,993893.28,136069.68,1264701.54,59820.95,232897.7,True,True
420701,4T2025,11081832.86,10326531.11,10607930.25,9829757.86,404384.25,11398793.42,416572.96,1239875.85,True,True
421341,4T2025,39418348.74,32664651.84,33878779.11,25263633.25,4220361.15,29503335.29,3521586.68,970184.73,True,True
422053,4T2025,6977559.65,6581936.8,0.0,-0.17,3776633.68,46367579.33,81473.24,362257.57,False,False
422631,4T2025,116927538.45,95155555.64,90703049.23,15085481.86,69394982.03,1484766751.51,108283379.5,,True,False
423203,4T2025,1970629.64,3222114.93,1952071.51,2720688.98,403945.41,2982456.43,27574.79,254840.48,True,True
423319,4T2025,24504640.77,24298875.31,23952749.49,19110359.23,2120749.36,20678384.47,1439987.61,811445.54,True,True
423432,4T2025,1130993.74,831045.41,987438.57,510770.13,281495.59,489909.22,12394.02,,True,True
423513,4T2025,319300.63,149594.84,,,53912.8,,,,False,False
423777,4T2025,93745.51,73636.85,,,73526.85,,,,False,False
424188,4T2025,645027962.17,771417659.48,588146084.81,576642290.65,30280369.14,658189493.48,26135211.85,67087196.31,True,True
302627,1T2026,12202572.14,15637739.93,9068841.61,13901451.71,1233173.66,14752577.74,1115808.35,171540.88,True,False
304131,1T2026,48895505.37,38583316.33,47076501.94,31640117.36,3112526.01,34692171.92,2974639.6,451528.18,True,True
306754,1T2026,18551128.27,17159782.34,14377193.2,10442143.12,2883324.61,11977726.91,960437.7,575146.09,True,True
307319,1T2026,122720557.73,94841330.73,82663625.88,81456735.43,7658682.73,92806436.67,3534334.2,10240235.81,True,True
307751,1T2026,45107941.21,29119524.83,40976891.15,26299045.53,2752832.73,28325317.01,1812947.79,254323.56,True,True
312126,1T2026,701571179.4,558604670.6,641133034.99,527531628.47,17384381.93,599059886.98,69435300.68,542560.34,True,True
314251,1T2026,25235053.62,22938716.5,23918878.34,19916890.89,2076014.05,21724574.83,1547170.48,519614.37,True,True
314668,1T2026,94285632.2,70498799.58,83115154.8,49757832.94,9534146.9,67189762.14,1411788.08,5151954.22,True,True
315044,1T2026,73133917.74,57889090.86,67930733.33,52336254.56,3498814.45,59867946.28,310234.45,6347222.64,True,True
315478,1T2026,394150303.75,365647636.98,352229551.21,330339662.21,19160749.53,363610756.89,31026792.28,2364499.88,True,True
315567,1T2026,55679086.49,50009791.54,51144729.67,46204181.59,2856497.95,48966671.56,562075.0,708048.0,True,True
315583,1T2026,9644808.72,5833223.5,6735814.08,3837657.85,1843148.46,10774741.58,1136227.61,2066530.93,True,True
316849,1T2026,3789758.16,3789758.16,3694443.3,2796660.52,975852.8,2796660.52,,,True,True
316873,1T2026,48709305.1,46714907.68,45751187.52,37982627.66,6714347.47,41244405.51,118459.26,3290648.93,True,True
317632,1T2026,116756019.98,110066049.7,97271677.57,81867623.21,19291208.91,92390652.47,2651357.29,1780861.09,True,True
320820,1T2026,18205431.06,17837446.64,15000808.35,13880133.19,3082541.33,16161912.37,2425826.6,347576.05,True,True
323080,1T2026,1580145078.64,1533095118.91,1473043485.51,1211396005.76,139490498.36,1813842266.74,293976386.89,75822613.83,True,True
324477,1T2026,19698293.68,88360308.42,81659147.37,66362122.74,13998603.24,77227526.89,7357258.26,1615438.65,True,True
324493,1T2026,74965961.79,58216016.68,70208513.62,49493726.9,5453085.13,54188685.88,1486311.25,3917974.55,True,True
327557,1T2026,32768795.65,27827485.54,30790836.42,25751087.89,1850107.9,30143387.07,926965.43,3081110.07,True,True
329665,1T2026,11818730.59,11219785.12,11440398.22,10085194.95,1122982.67,12064356.07,310543.47,988865.97,True,True
330281,1T2026,17714815.95,17897792.97,15924085.05,13796447.76,3577740.67,15488163.85,1339410.96,267772.76,True,True
330809,1T2026,32118484.12,26249213.85,28558288.62,24719338.94,1203358.21,25962878.45,121563.42,788991.4,True,True
331317,1T2026,111047147.88,101147918.46,100147375.79,81159654.66,13242686.92,132160951.43,13212048.1,4654768.84,True,True
331988,1T2026,166244190.8,159989176.09,128266934.86,123900671.33,3738876.75,145276722.59,6068842.47,16941130.52,True,True
335754,1T2026,32601579.97,26246904.38,29705965.31,22818616.02,1969030.7,27011351.46,3480751.64,508975.47,True,True
335789,1T2026,13285089.91,8386434.86,8675303.09,6395297.67,997049.42,9086083.05,616125.32,2114383.93,True,True
338648,1T2026,55928037.91,45328753.98,49356096.03,36963271.15,4300352.94,45498824.63,1356834.7,5650567.98,True,True
342611,1T2026,33591865.73,30797372.1,16335820.43,18686632.92,6686821.57,104574026.16,3619474.47,2936288.66,True,True
343129,1T2026,9118699.14,7419664.76,8434650.68,6212798.37,1093212.83,6805473.3,354309.14,198487.22,True,True
343331,1T2026,24505226.96,25777804.03,21355952.57,23059682.89,2365996.05,25918097.04,976463.63,2270230.24,True,True
344184,1T2026,1389663.32,1258958.54,1301065.57,886630.39,167176.27,1241059.34,13821.96,326000.17,True,True
346659,1T2026,2237779468.15,2266108455.47,1996852319.45,1983857808.86,140340243.42,2232463427.89,128608215.02,57385260.46,True,True
346926,1T2026,462801999.77,450667299.07,443877268.06,382871861.98,37216998.42,477149360.36,41923141.35,8505612.91,True,True
347825,1T2026,4689816.71,3583529.27,4270908.4,2722710.12,820936.05,3094527.28,174205.18,167510.74,True,True
352331,1T2026,564968445.05,541843430.18,166667172.6,294463531.91,15394815.11,340675492.73,29581801.85,4992948.95,True,False
355151,1T2026,112395283.52,98523309.5,97743502.37,79642653.09,11104349.73,104508711.41,11917546.23,12691609.16,True,True
356476,1T2026,42040739.72,37574559.71,39592030.47,33645613.45,3264877.39,38892261.83,750721.93,4162211.52,True,True
357669,1T2026,7484136.45,7798452.0,5791366.81,6178956.43,1283287.68,7146677.96,743645.63,356776.81,True,True
358754,1T2026,25113048.52,17145581.08,23725637.45,11711813.04,3978050.24,14027833.53,986197.95,1315522.57,True,True
359122,1T2026,34460750.07,29474193.65,31353814.96,23923706.43,3058015.98,27151898.71,1633000.52,1595191.76,True,True
361011,1T2026,209814197.34,163760957.7,162817188.22,129350501.65,22882209.86,140288310.36,7617614.08,2140706.72,True,True
361461,1T2026,23685660.43,26683466.95,21554448.97,21103067.27,2740402.96,24051453.91,1148710.44,2143907.73,True,True
363855,1T2026,31685019.83,30776120.48,29501078.44,25210612.83,2819615.72,28228764.63,,3227933.0,True,True
368920,1T2026,30070353.37,21446481.6,27454307.45,17670771.67,2684293.43,22720678.41,1357469.83,3965328.27,True,True
378216,1T2026,22998742.49,17166965.6,19766453.94,14032097.12,2341194.89,15652810.56,601903.64,1064400.72,True,True
380661,1T2026,100398783.9,76180317.58,92088501.93,63188101.38,8535424.4,85799883.41,15453791.57,5499645.86,True,True
382639,1T2026,1967512.9,1765886.11,716968.35,576992.36,191815.3,907436.7,323.24,240311.29,True,True
384704,1T2026,5527629.17,5590776.42,814356.95,5270856.39,531205.03,5499787.77,209991.02,19744.1,True,False
385697,1T2026,133908212.72,129471606.02,109372224.27,113093411.67,14818644.31,186503957.32,14825891.14,14621730.98,True,True
387185,1T2026,7836455.76,6671770.53,6295798.85,4788664.61,1751455.41,8743941.59,160394.27,,True,True
388092,1T2026,4569512.72,3594402.03,3965240.74,2762255.3,515403.62,3326291.1,112085.89,451949.91,True,True
390259,1T2026,2410499.14,3794218.0,2250239.61,2701054.77,990036.79,2761079.75,,103533.48,True,True
393533,1T2026,2551591.47,1608194.84,1809377.11,0.0,1568423.87,13360100.49,446527.04,,True,False
402206,1T2026,7856237.52,8124236.95,5942366.77,6582000.39,447534.58,7592590.18,404108.14,721193.25,True,True
404241,1T2026,4536155.92,3811360.84,3283554.95,3411021.39,292179.62,6052279.49,75307.45,2517485.63,True,True
406635,1T2026,3610731.49,2726400.68,3219517.51,2120698.64,551018.79,2433697.91,,334236.33,True,True
406813,1T2026,1812589.49,1524016.41,1549507.49,1147440.15,339981.4,1400141.4,3551.0,242031.98,True,True
406937,1T2026,7083776.91,6522526.43,6487717.37,5676987.68,490754.48,6797943.71,0.0,1171790.99,True,True
406945,1T2026,16377978.62,15263763.89,15523201.67,14135908.04,1147959.51,15619852.58,118501.74,1565427.35,True,True
407569,1T2026,2478065.57,2177720.15,2310204.61,1788733.55,384768.53,1788733.55,0.0,0.0,True,True
408026,1T2026,393406.33,1075040.26,311057.45,1176727.03,124325.74,1390132.01,967.69,230496.4,True,False
408034,1T2026,1809020.05,1526059.13,1669257.5,1143216.32,354837.56,1580491.89,188860.01,257385.01,True,True
408093,1T2026,1689342.61,874949.14,1605806.58,548749.49,268309.4,725439.54,26064.79,133344.3,True,True
408263,1T2026,2530897.31,2986317.29,2441412.57,2808693.02,228366.46,3085958.15,2006.86,326388.95,True,True
408794,1T2026,9636379.63,9185698.03,8923635.26,8058487.8,969825.07,8969995.01,490743.75,464186.66,True,True
409243,1T2026,56979819.04,50291310.35,54872725.4,40689472.61,7117780.35,45195461.17,1257606.02,3052789.0,True,True
409405,1T2026,1208528.74,1165773.75,1160600.3,771212.2,264477.23,1164464.04,19845.19,378957.6,True,True
409413,1T2026,4288684.41,4296965.61,3473541.58,3697285.36,541422.78,4195166.01,337471.82,234894.26,True,True
410110,1T2026,14388099.27,15400211.89,9682305.05,5033144.01,1115927.31,5607842.72,71763.76,534984.01,True,True
410128,1T2026,12837132.83,10670182.88,12340333.66,9575264.47,932912.34,10459567.24,164419.57,719117.72,True,True
410608,1T2026,5506063.1,4288481.61,5212524.5,3364165.05,657916.49,4320517.06,185808.55,825958.69,True,True
411248,1T2026,1486012.94,2400571.54,1374182.93,1966595.78,387031.89,2130508.5,22442.42,189597.5,True,True
411809,1T2026,3370789.84,3139184.57,3275000.06,2748586.78,358507.81,3444057.05,114688.62,575957.96,True,True
412295,1T2026,23890117.64,16509412.37,20845168.2,14322846.86,1438482.61,16743921.8,376543.34,1639874.08,True,True
412635,1T2026,3030769.58,3193962.56,2690642.99,1499312.87,1284859.66,1940955.77,67130.18,103710.75,True,True
413518,1T2026,7409873.58,5842139.61,6485435.9,5086875.84,694599.7,6098934.26,311445.96,454255.43,True,True
413534,1T2026,365599345.4,408583074.53,317220778.5,207468564.17,39863836.33,212863024.74,3802265.86,1003547.72,True,True
414026,1T2026,4459053.16,1785281.78,4073621.49,1404350.11,283390.93,1680266.59,35359.28,229113.08,True,True
414212,1T2026,7698804.04,5832324.78,7237534.4,5175065.15,555517.06,5969548.64,43704.32,797386.09,True,True
414310,1T2026,32426120.56,34254123.35,27810493.56,29419848.18,3461206.27,42280468.57,1594124.69,4482141.93,True,True
414689,1T2026,1070230.99,823264.51,764740.52,717.79,668609.04,2095298.09,29510.54,341918.15,True,False
416401,1T2026,69732446.73,59853019.01,64065350.41,52180944.05,3869834.17,61430156.38,3330198.8,6590968.7,True,True
416568,1T2026,51684619.66,44352778.52,46267528.25,37180951.84,5179991.11,75295544.63,2044554.55,7184529.1,True,True
416584,1T2026,13079518.25,12648271.52,12384572.64,11787382.48,700444.2,15377198.27,834104.84,2836363.69,True,True
416690,1T2026,22087067.78,27318377.2,19101931.84,24471817.92,2242821.62,26901162.14,1460227.37,1582744.95,True,True
417211,1T2026,26524905.59,19021649.26,22932400.31,17322823.43,1505903.05,18061242.99,738419.56,,True,True
417297,1T2026,36394782.23,30276739.75,33317343.39,25731563.52,2647174.2,37222715.88,1959977.42,1470029.32,True,True
417505,1T2026,158401854.27,146672293.62,123051916.35,117669769.02,11585590.99,138620014.56,6104573.77,11022056.39,True,True
417548,1T2026,58570801.16,50489547.79,58512005.24,42920821.74,5554468.74,46012694.29,1477214.66,2099629.41,True,True
417661,1T2026,21829977.37,18488843.38,20254474.53,15893257.88,2145079.64,18199666.13,1009552.03,383693.38,True,True
417955,1T2026,30306918.34,22508699.69,25444415.67,18675208.7,3121901.35,20172820.27,1681713.52,,True,True
418129,1T2026,3401283.6,2845721.33,2504044.69,1975799.21,257575.07,1956288.83,33118.63,,True,True
418285,1T2026,10090800.76,8816861.07,0.0,0.0,5200410.17,41483727.3,16997.98,615524.48,False,False
418374,1T2026,131356326.03,67309862.8,121894533.5,47148045.47,7959395.25,98877737.62,8787084.3,2002071.93,True,True
418617,1T2026,13670012.0,10230382.13,12456556.53,9616732.19,580116.19,10642189.89,934812.19,,True,True
418650,1T2026,69809379.29,65627761.75,63675109.05,51576837.36,8412477.52,55874145.57,5001736.71,,True,True
418820,1T2026,19054369.33,16594314.17,16619998.81,13254275.19,1421688.7,15921452.22,2636739.13,,True,True
419010,1T2026,130905605.04,114906403.37,123196230.57,102927885.33,9760702.34,117442054.54,5900353.27,8992373.35,True,True
419133,1T2026,460496633.23,55742664.41,42750374.32,0.0,41813212.75,490087316.13,16332663.68,13432751.46,True,False
419427,1T2026,26158981.66,24134164.74,22609110.7,16947828.65,6658198.88,17078719.23,56007.22,27587.76,True,True
419591,1T2026,2092043.08,1709802.27,2049694.55,1089779.19,585774.19,1169496.83,60385.2,0.0,True,True
419851,1T2026,2724547.33,4179627.52,2533612.52,3868899.81,289560.45,4690580.21,52963.86,1072645.21,True,False
420077,1T2026,199221560.98,181899521.29,79797747.72,73196956.2,8516494.54,74439047.74,1242091.54,,True,True
420093,1T2026,1044718.23,1376345.39,999241.51,1171337.76,133381.4,1325559.27,37792.08,154650.45,True,True
420701,1T2026,11046366.25,8532590.66,10610796.33,8039800.61,405546.31,9263882.89,372833.31,923412.0,True,True
421341,1T2026,37867894.03,32728816.64,32010759.27,26439005.81,3984277.88,29863509.65,3044948.49,875509.18,True,True
422053,1T2026,6885973.25,6156041.68,0.0,62422.2,3639537.06,42748013.89,65017.05,299606.25,False,False
422070,1T2026,20714584.03,19292053.83,18803073.14,15232757.2,3224377.15,25206566.08,1423817.14,1100522.03,True,True
422631,1T2026,92211871.06,77563744.22,67007510.88,0.0,67885107.48,1432777492.32,101931732.2,,True,False
423203,1T2026,2166523.65,1669751.39,2139977.93,977258.02,658282.3,1168224.99,17391.91,208791.98,True,True
423319,1T2026,27731063.03,21576562.84,26996734.48,17035035.89,1857162.86,17699388.23,596206.22,885695.18,True,True
423432,1T2026,1403932.63,836659.24,1286906.52,550060.94,264250.67,544127.68,29246.14,,True,True
423513,1T2026,307106.54,51000.72,,,50386.2,,,,False,False
423777,1T2026,30.0,10.0,,,10.0,,,,False,False
424188,1T2026,776206477.24,663219201.54,671272727.23,561383767.49,33278373.39,633858675.25,16896558.93,62645486.83,True,True
